"","Precinct","Population","Area","White","Black","Native","AsPac","Hisp","Year","AsPacA","BlackA","HispA","NativeA","WhiteA","TotalA"
"1",1,66679,1.6222942931026,47231,1982,57,10543,4676,2005,0,1,0,0,0,1
"2",1,66679,1.6222942931026,47231,1982,57,10543,4676,2006,0,35,10,0,1,46
"3",1,66679,1.6222942931026,47231,1982,57,10543,4676,2007,5,78,21,1,11,117
"4",1,66679,1.6222942931026,47231,1982,57,10543,4676,2008,4,156,39,0,20,221
"5",1,66679,1.6222942931026,47231,1982,57,10543,4676,2009,10,163,45,1,15,238
"6",1,66679,1.6222942931026,47231,1982,57,10543,4676,2010,12,156,56,2,33,260
"7",1,66679,1.6222942931026,47231,1982,57,10543,4676,2011,6,135,45,1,27,215
"8",1,66679,1.6222942931026,47231,1982,57,10543,4676,2012,4,129,30,0,26,189
"9",1,66679,1.6222942931026,47231,1982,57,10543,4676,2013,7,43,21,0,22,93
"10",1,66679,1.6222942931026,47231,1982,57,10543,4676,2014,0,9,2,0,0,11
"11",1,66679,1.6222942931026,47231,1982,57,10543,4676,2015,0,4,0,0,0,4
"12",1,66679,1.6222942931026,47231,1982,57,10543,4676,2016,0,4,0,1,2,7
"13",1,66679,1.6222942931026,47231,1982,57,10543,4676,2017,0,2,3,0,1,6
"14",1,66679,1.6222942931026,47231,1982,57,10543,4676,2018,0,16,6,0,4,26
"15",5,52568,0.621884421912021,10739,2299,33,32721,5910,2005,0,7,7,0,2,16
"16",5,52568,0.621884421912021,10739,2299,33,32721,5910,2006,27,123,104,1,43,309
"17",5,52568,0.621884421912021,10739,2299,33,32721,5910,2007,28,97,85,4,32,258
"18",5,52568,0.621884421912021,10739,2299,33,32721,5910,2008,44,113,84,0,27,286
"19",5,52568,0.621884421912021,10739,2299,33,32721,5910,2009,22,91,77,0,25,234
"20",5,52568,0.621884421912021,10739,2299,33,32721,5910,2010,54,127,117,0,28,340
"21",5,52568,0.621884421912021,10739,2299,33,32721,5910,2011,36,148,125,1,44,372
"22",5,52568,0.621884421912021,10739,2299,33,32721,5910,2012,39,120,82,1,34,304
"23",5,52568,0.621884421912021,10739,2299,33,32721,5910,2013,10,49,45,0,13,122
"24",5,52568,0.621884421912021,10739,2299,33,32721,5910,2014,0,30,22,0,7,60
"25",5,52568,0.621884421912021,10739,2299,33,32721,5910,2015,0,15,10,0,2,27
"26",5,52568,0.621884421912021,10739,2299,33,32721,5910,2016,3,9,10,0,1,24
"27",5,52568,0.621884421912021,10739,2299,33,32721,5910,2017,7,14,25,0,4,50
"28",5,52568,0.621884421912021,10739,2299,33,32721,5910,2018,0,12,8,0,2,22
"29",6,62226,0.760844327786797,50468,1214,47,5003,3781,2005,0,0,0,0,0,0
"30",6,62226,0.760844327786797,50468,1214,47,5003,3781,2006,2,65,33,0,37,139
"31",6,62226,0.760844327786797,50468,1214,47,5003,3781,2007,3,110,26,0,50,193
"32",6,62226,0.760844327786797,50468,1214,47,5003,3781,2008,9,117,40,0,45,216
"33",6,62226,0.760844327786797,50468,1214,47,5003,3781,2009,6,79,39,1,34,163
"34",6,62226,0.760844327786797,50468,1214,47,5003,3781,2010,5,135,54,0,65,265
"35",6,62226,0.760844327786797,50468,1214,47,5003,3781,2011,7,123,39,0,46,222
"36",6,62226,0.760844327786797,50468,1214,47,5003,3781,2012,2,112,46,0,37,200
"37",6,62226,0.760844327786797,50468,1214,47,5003,3781,2013,2,49,23,0,25,103
"38",6,62226,0.760844327786797,50468,1214,47,5003,3781,2014,0,10,2,0,0,12
"39",6,62226,0.760844327786797,50468,1214,47,5003,3781,2015,0,3,0,0,0,3
"40",6,62226,0.760844327786797,50468,1214,47,5003,3781,2016,0,6,4,0,1,11
"41",6,62226,0.760844327786797,50468,1214,47,5003,3781,2017,0,11,2,0,3,16
"42",6,62226,0.760844327786797,50468,1214,47,5003,3781,2018,3,32,14,0,12,61
"43",7,56355,0.631324045885591,13479,4578,95,19202,17976,2005,0,10,11,0,6,27
"44",7,56355,0.631324045885591,13479,4578,95,19202,17976,2006,16,139,190,0,96,459
"45",7,56355,0.631324045885591,13479,4578,95,19202,17976,2007,20,195,261,1,105,598
"46",7,56355,0.631324045885591,13479,4578,95,19202,17976,2008,19,140,165,1,80,414
"47",7,56355,0.631324045885591,13479,4578,95,19202,17976,2009,20,105,159,3,67,365
"48",7,56355,0.631324045885591,13479,4578,95,19202,17976,2010,15,125,192,0,53,418
"49",7,56355,0.631324045885591,13479,4578,95,19202,17976,2011,18,151,235,0,71,494
"50",7,56355,0.631324045885591,13479,4578,95,19202,17976,2012,11,129,169,1,55,382
"51",7,56355,0.631324045885591,13479,4578,95,19202,17976,2013,10,82,91,0,19,207
"52",7,56355,0.631324045885591,13479,4578,95,19202,17976,2014,1,30,48,1,5,88
"53",7,56355,0.631324045885591,13479,4578,95,19202,17976,2015,0,6,20,0,3,29
"54",7,56355,0.631324045885591,13479,4578,95,19202,17976,2016,1,8,9,0,3,21
"55",7,56355,0.631324045885591,13479,4578,95,19202,17976,2017,0,28,17,0,6,52
"56",7,56355,0.631324045885591,13479,4578,95,19202,17976,2018,2,11,21,0,3,37
"57",9,76443,0.735654188786664,39560,5466,127,10859,18291,2005,0,11,13,0,0,25
"58",9,76443,0.735654188786664,39560,5466,127,10859,18291,2006,8,158,168,0,70,415
"59",9,76443,0.735654188786664,39560,5466,127,10859,18291,2007,6,142,216,0,131,504
"60",9,76443,0.735654188786664,39560,5466,127,10859,18291,2008,13,145,214,1,123,506
"61",9,76443,0.735654188786664,39560,5466,127,10859,18291,2009,13,173,252,0,112,565
"62",9,76443,0.735654188786664,39560,5466,127,10859,18291,2010,14,252,267,1,180,748
"63",9,76443,0.735654188786664,39560,5466,127,10859,18291,2011,32,259,307,1,252,895
"64",9,76443,0.735654188786664,39560,5466,127,10859,18291,2012,37,287,386,1,266,1008
"65",9,76443,0.735654188786664,39560,5466,127,10859,18291,2013,15,183,207,0,158,571
"66",9,76443,0.735654188786664,39560,5466,127,10859,18291,2014,17,84,100,0,74,291
"67",9,76443,0.735654188786664,39560,5466,127,10859,18291,2015,6,29,52,0,7,94
"68",9,76443,0.735654188786664,39560,5466,127,10859,18291,2016,0,15,15,0,2,32
"69",9,76443,0.735654188786664,39560,5466,127,10859,18291,2017,0,31,38,0,9,79
"70",9,76443,0.735654188786664,39560,5466,127,10859,18291,2018,1,18,14,0,4,37
"71",10,50180,0.93621711258156,30799,3518,71,5616,8821,2005,0,10,5,0,4,19
"72",10,50180,0.93621711258156,30799,3518,71,5616,8821,2006,3,121,79,1,52,257
"73",10,50180,0.93621711258156,30799,3518,71,5616,8821,2007,2,121,83,1,55,265
"74",10,50180,0.93621711258156,30799,3518,71,5616,8821,2008,8,146,105,1,68,333
"75",10,50180,0.93621711258156,30799,3518,71,5616,8821,2009,7,145,76,3,50,289
"76",10,50180,0.93621711258156,30799,3518,71,5616,8821,2010,18,146,83,1,81,343
"77",10,50180,0.93621711258156,30799,3518,71,5616,8821,2011,8,142,89,1,59,309
"78",10,50180,0.93621711258156,30799,3518,71,5616,8821,2012,3,143,70,3,45,277
"79",10,50180,0.93621711258156,30799,3518,71,5616,8821,2013,5,92,57,0,37,194
"80",10,50180,0.93621711258156,30799,3518,71,5616,8821,2014,0,24,17,0,4,45
"81",10,50180,0.93621711258156,30799,3518,71,5616,8821,2015,0,4,2,0,3,9
"82",10,50180,0.93621711258156,30799,3518,71,5616,8821,2016,0,8,5,0,2,17
"83",10,50180,0.93621711258156,30799,3518,71,5616,8821,2017,2,12,10,0,2,27
"84",10,50180,0.93621711258156,30799,3518,71,5616,8821,2018,1,23,5,0,3,32
"85",13,93640,1.01452784781355,65354,4369,100,12816,8565,2005,0,2,0,0,0,3
"86",13,93640,1.01452784781355,65354,4369,100,12816,8565,2006,11,140,89,0,28,274
"87",13,93640,1.01452784781355,65354,4369,100,12816,8565,2007,11,160,113,1,55,349
"88",13,93640,1.01452784781355,65354,4369,100,12816,8565,2008,8,178,135,0,69,400
"89",13,93640,1.01452784781355,65354,4369,100,12816,8565,2009,13,163,105,0,51,346
"90",13,93640,1.01452784781355,65354,4369,100,12816,8565,2010,9,152,95,3,60,335
"91",13,93640,1.01452784781355,65354,4369,100,12816,8565,2011,18,216,173,1,112,541
"92",13,93640,1.01452784781355,65354,4369,100,12816,8565,2012,13,217,149,1,85,473
"93",13,93640,1.01452784781355,65354,4369,100,12816,8565,2013,6,136,109,3,57,316
"94",13,93640,1.01452784781355,65354,4369,100,12816,8565,2014,6,65,50,0,67,190
"95",13,93640,1.01452784781355,65354,4369,100,12816,8565,2015,7,57,28,0,27,119
"96",13,93640,1.01452784781355,65354,4369,100,12816,8565,2016,1,8,6,0,15,31
"97",13,93640,1.01452784781355,65354,4369,100,12816,8565,2017,0,43,37,0,18,98
"98",13,93640,1.01452784781355,65354,4369,100,12816,8565,2018,3,35,26,1,9,74
"99",14,20651,0.704720750110296,11605,1353,34,4944,2198,2005,0,3,0,0,0,3
"100",14,20651,0.704720750110296,11605,1353,34,4944,2198,2006,5,245,120,2,47,430
"101",14,20651,0.704720750110296,11605,1353,34,4944,2198,2007,13,305,163,0,51,547
"102",14,20651,0.704720750110296,11605,1353,34,4944,2198,2008,17,317,238,2,57,652
"103",14,20651,0.704720750110296,11605,1353,34,4944,2198,2009,24,344,169,3,47,608
"104",14,20651,0.704720750110296,11605,1353,34,4944,2198,2010,21,479,222,4,106,862
"105",14,20651,0.704720750110296,11605,1353,34,4944,2198,2011,20,403,160,1,95,700
"106",14,20651,0.704720750110296,11605,1353,34,4944,2198,2012,19,269,119,1,60,480
"107",14,20651,0.704720750110296,11605,1353,34,4944,2198,2013,4,100,81,0,30,215
"108",14,20651,0.704720750110296,11605,1353,34,4944,2198,2014,2,48,25,0,24,99
"109",14,20651,0.704720750110296,11605,1353,34,4944,2198,2015,1,27,20,0,6,55
"110",14,20651,0.704720750110296,11605,1353,34,4944,2198,2016,2,14,5,0,3,24
"111",14,20651,0.704720750110296,11605,1353,34,4944,2198,2017,0,7,6,0,4,17
"112",14,20651,0.704720750110296,11605,1353,34,4944,2198,2018,0,20,3,0,3,26
"113",17,79126,0.765702247231728,60226,1583,44,11073,4595,2005,0,1,1,0,0,2
"114",17,79126,0.765702247231728,60226,1583,44,11073,4595,2006,3,41,24,0,30,101
"115",17,79126,0.765702247231728,60226,1583,44,11073,4595,2007,4,39,37,0,25,107
"116",17,79126,0.765702247231728,60226,1583,44,11073,4595,2008,4,51,33,0,13,104
"117",17,79126,0.765702247231728,60226,1583,44,11073,4595,2009,5,31,23,0,17,78
"118",17,79126,0.765702247231728,60226,1583,44,11073,4595,2010,8,32,25,1,11,80
"119",17,79126,0.765702247231728,60226,1583,44,11073,4595,2011,6,43,37,0,15,106
"120",17,79126,0.765702247231728,60226,1583,44,11073,4595,2012,4,45,25,0,28,112
"121",17,79126,0.765702247231728,60226,1583,44,11073,4595,2013,0,26,24,0,10,61
"122",17,79126,0.765702247231728,60226,1583,44,11073,4595,2014,1,10,9,0,6,26
"123",17,79126,0.765702247231728,60226,1583,44,11073,4595,2015,2,7,7,0,5,21
"124",17,79126,0.765702247231728,60226,1583,44,11073,4595,2016,0,4,3,0,1,8
"125",17,79126,0.765702247231728,60226,1583,44,11073,4595,2017,1,9,4,0,1,15
"126",17,79126,0.765702247231728,60226,1583,44,11073,4595,2018,1,7,2,0,4,15
"127",18,54066,1.11030410094159,32682,2637,68,8414,8883,2005,0,0,0,0,0,0
"128",18,54066,1.11030410094159,32682,2637,68,8414,8883,2006,7,71,40,0,47,174
"129",18,54066,1.11030410094159,32682,2637,68,8414,8883,2007,4,124,54,1,41,230
"130",18,54066,1.11030410094159,32682,2637,68,8414,8883,2008,5,116,56,0,29,216
"131",18,54066,1.11030410094159,32682,2637,68,8414,8883,2009,7,91,50,0,20,174
"132",18,54066,1.11030410094159,32682,2637,68,8414,8883,2010,4,137,85,1,24,263
"133",18,54066,1.11030410094159,32682,2637,68,8414,8883,2011,8,159,72,1,82,324
"134",18,54066,1.11030410094159,32682,2637,68,8414,8883,2012,7,164,69,0,40,287
"135",18,54066,1.11030410094159,32682,2637,68,8414,8883,2013,3,72,24,1,15,118
"136",18,54066,1.11030410094159,32682,2637,68,8414,8883,2014,2,3,0,0,2,7
"137",18,54066,1.11030410094159,32682,2637,68,8414,8883,2015,0,9,1,0,1,11
"138",18,54066,1.11030410094159,32682,2637,68,8414,8883,2016,1,9,4,0,2,16
"139",18,54066,1.11030410094159,32682,2637,68,8414,8883,2017,0,7,10,0,4,21
"140",18,54066,1.11030410094159,32682,2637,68,8414,8883,2018,1,10,7,0,2,20
"141",19,208259,1.67569675641259,168711,4817,116,16775,13827,2005,0,0,0,0,0,0
"142",19,208259,1.67569675641259,168711,4817,116,16775,13827,2006,11,155,128,0,109,409
"143",19,208259,1.67569675641259,168711,4817,116,16775,13827,2007,25,245,225,3,168,706
"144",19,208259,1.67569675641259,168711,4817,116,16775,13827,2008,22,200,159,2,144,554
"145",19,208259,1.67569675641259,168711,4817,116,16775,13827,2009,13,202,138,0,77,437
"146",19,208259,1.67569675641259,168711,4817,116,16775,13827,2010,21,270,125,1,127,565
"147",19,208259,1.67569675641259,168711,4817,116,16775,13827,2011,21,252,209,5,124,642
"148",19,208259,1.67569675641259,168711,4817,116,16775,13827,2012,21,295,159,0,96,586
"149",19,208259,1.67569675641259,168711,4817,116,16775,13827,2013,5,171,88,1,67,334
"150",19,208259,1.67569675641259,168711,4817,116,16775,13827,2014,4,69,41,0,18,134
"151",19,208259,1.67569675641259,168711,4817,116,16775,13827,2015,1,54,43,1,11,110
"152",19,208259,1.67569675641259,168711,4817,116,16775,13827,2016,0,22,11,0,5,39
"153",19,208259,1.67569675641259,168711,4817,116,16775,13827,2017,0,21,8,0,8,37
"154",19,208259,1.67569675641259,168711,4817,116,16775,13827,2018,3,45,25,0,14,87
"155",20,102624,0.951368191250314,78880,3855,87,8983,8609,2005,0,2,0,0,1,3
"156",20,102624,0.951368191250314,78880,3855,87,8983,8609,2006,5,72,40,0,38,166
"157",20,102624,0.951368191250314,78880,3855,87,8983,8609,2007,9,119,65,1,95,312
"158",20,102624,0.951368191250314,78880,3855,87,8983,8609,2008,10,134,77,1,65,300
"159",20,102624,0.951368191250314,78880,3855,87,8983,8609,2009,10,240,118,0,92,472
"160",20,102624,0.951368191250314,78880,3855,87,8983,8609,2010,8,246,153,0,87,499
"161",20,102624,0.951368191250314,78880,3855,87,8983,8609,2011,20,175,132,2,83,417
"162",20,102624,0.951368191250314,78880,3855,87,8983,8609,2012,11,147,92,1,79,335
"163",20,102624,0.951368191250314,78880,3855,87,8983,8609,2013,6,66,55,1,29,158
"164",20,102624,0.951368191250314,78880,3855,87,8983,8609,2014,0,21,17,0,14,53
"165",20,102624,0.951368191250314,78880,3855,87,8983,8609,2015,1,15,10,0,2,28
"166",20,102624,0.951368191250314,78880,3855,87,8983,8609,2016,0,2,1,0,0,3
"167",20,102624,0.951368191250314,78880,3855,87,8983,8609,2017,0,12,2,0,5,19
"168",20,102624,0.951368191250314,78880,3855,87,8983,8609,2018,0,22,10,0,5,38
"169",22,25,1.31700001296531,2,16,0,0,6,2006,0,8,2,0,2,12
"170",22,25,1.31700001296531,2,16,0,0,6,2007,0,10,11,0,2,23
"171",22,25,1.31700001296531,2,16,0,0,6,2008,2,18,6,0,7,33
"172",22,25,1.31700001296531,2,16,0,0,6,2009,0,12,9,0,6,27
"173",22,25,1.31700001296531,2,16,0,0,6,2010,0,19,14,0,6,39
"174",22,25,1.31700001296531,2,16,0,0,6,2011,2,20,17,0,13,53
"175",22,25,1.31700001296531,2,16,0,0,6,2012,2,5,14,0,5,26
"176",22,25,1.31700001296531,2,16,0,0,6,2013,0,9,4,0,3,16
"177",22,25,1.31700001296531,2,16,0,0,6,2014,1,5,1,0,0,7
"178",22,25,1.31700001296531,2,16,0,0,6,2015,0,1,3,0,0,4
"179",22,25,1.31700001296531,2,16,0,0,6,2016,0,0,1,0,0,1
"180",22,25,1.31700001296531,2,16,0,0,6,2017,0,0,2,0,0,2
"181",22,25,1.31700001296531,2,16,0,0,6,2018,0,4,0,0,0,4
"182",23,73106,0.738059403830719,10864,18582,131,5486,36656,2005,0,13,14,0,1,28
"183",23,73106,0.738059403830719,10864,18582,131,5486,36656,2006,0,323,265,0,23,623
"184",23,73106,0.738059403830719,10864,18582,131,5486,36656,2007,1,421,377,1,41,896
"185",23,73106,0.738059403830719,10864,18582,131,5486,36656,2008,8,593,461,3,48,1134
"186",23,73106,0.738059403830719,10864,18582,131,5486,36656,2009,11,739,571,2,55,1442
"187",23,73106,0.738059403830719,10864,18582,131,5486,36656,2010,9,699,669,7,39,1466
"188",23,73106,0.738059403830719,10864,18582,131,5486,36656,2011,11,530,363,0,26,951
"189",23,73106,0.738059403830719,10864,18582,131,5486,36656,2012,10,282,206,1,20,528
"190",23,73106,0.738059403830719,10864,18582,131,5486,36656,2013,4,161,117,0,15,307
"191",23,73106,0.738059403830719,10864,18582,131,5486,36656,2014,1,99,95,0,11,221
"192",23,73106,0.738059403830719,10864,18582,131,5486,36656,2015,2,22,15,0,2,41
"193",23,73106,0.738059403830719,10864,18582,131,5486,36656,2016,1,51,25,0,2,81
"194",23,73106,0.738059403830719,10864,18582,131,5486,36656,2017,0,63,44,0,5,113
"195",23,73106,0.738059403830719,10864,18582,131,5486,36656,2018,0,39,39,0,2,80
"196",24,106460,0.876015252480154,61970,11979,134,7005,22738,2005,0,1,0,0,0,1
"197",24,106460,0.876015252480154,61970,11979,134,7005,22738,2006,1,101,79,2,19,212
"198",24,106460,0.876015252480154,61970,11979,134,7005,22738,2007,3,212,132,2,40,400
"199",24,106460,0.876015252480154,61970,11979,134,7005,22738,2008,2,208,120,0,23,366
"200",24,106460,0.876015252480154,61970,11979,134,7005,22738,2009,0,233,127,0,28,396
"201",24,106460,0.876015252480154,61970,11979,134,7005,22738,2010,9,310,154,0,55,556
"202",24,106460,0.876015252480154,61970,11979,134,7005,22738,2011,12,298,186,2,60,565
"203",24,106460,0.876015252480154,61970,11979,134,7005,22738,2012,5,193,160,1,46,410
"204",24,106460,0.876015252480154,61970,11979,134,7005,22738,2013,1,80,56,0,6,148
"205",24,106460,0.876015252480154,61970,11979,134,7005,22738,2014,0,33,25,0,4,63
"206",24,106460,0.876015252480154,61970,11979,134,7005,22738,2015,0,24,7,0,5,39
"207",24,106460,0.876015252480154,61970,11979,134,7005,22738,2016,0,14,10,0,2,26
"208",24,106460,0.876015252480154,61970,11979,134,7005,22738,2017,0,24,23,0,1,48
"209",24,106460,0.876015252480154,61970,11979,134,7005,22738,2018,0,48,25,0,7,80
"210",25,47405,1.54012614966339,3578,19008,114,1232,22634,2005,0,15,14,0,2,31
"211",25,47405,1.54012614966339,3578,19008,114,1232,22634,2006,2,339,166,1,16,539
"212",25,47405,1.54012614966339,3578,19008,114,1232,22634,2007,3,686,294,1,26,1041
"213",25,47405,1.54012614966339,3578,19008,114,1232,22634,2008,13,829,415,5,33,1348
"214",25,47405,1.54012614966339,3578,19008,114,1232,22634,2009,5,753,297,0,42,1137
"215",25,47405,1.54012614966339,3578,19008,114,1232,22634,2010,12,845,396,3,55,1343
"216",25,47405,1.54012614966339,3578,19008,114,1232,22634,2011,9,529,241,2,31,835
"217",25,47405,1.54012614966339,3578,19008,114,1232,22634,2012,4,425,186,2,24,658
"218",25,47405,1.54012614966339,3578,19008,114,1232,22634,2013,1,220,106,0,14,359
"219",25,47405,1.54012614966339,3578,19008,114,1232,22634,2014,0,202,68,0,12,303
"220",25,47405,1.54012614966339,3578,19008,114,1232,22634,2015,3,80,29,0,6,127
"221",25,47405,1.54012614966339,3578,19008,114,1232,22634,2016,0,41,12,0,2,55
"222",25,47405,1.54012614966339,3578,19008,114,1232,22634,2017,0,44,19,0,1,64
"223",25,47405,1.54012614966339,3578,19008,114,1232,22634,2018,0,26,13,0,4,44
"224",26,49508,0.819519702244048,19207,10158,113,6186,12277,2005,0,0,0,0,0,0
"225",26,49508,0.819519702244048,19207,10158,113,6186,12277,2006,0,134,38,1,8,183
"226",26,49508,0.819519702244048,19207,10158,113,6186,12277,2007,1,157,48,0,9,222
"227",26,49508,0.819519702244048,19207,10158,113,6186,12277,2008,3,203,84,1,6,304
"228",26,49508,0.819519702244048,19207,10158,113,6186,12277,2009,3,274,95,0,8,390
"229",26,49508,0.819519702244048,19207,10158,113,6186,12277,2010,4,335,116,0,14,476
"230",26,49508,0.819519702244048,19207,10158,113,6186,12277,2011,3,320,142,0,18,498
"231",26,49508,0.819519702244048,19207,10158,113,6186,12277,2012,1,310,103,1,14,443
"232",26,49508,0.819519702244048,19207,10158,113,6186,12277,2013,4,119,36,0,3,170
"233",26,49508,0.819519702244048,19207,10158,113,6186,12277,2014,0,40,20,1,1,66
"234",26,49508,0.819519702244048,19207,10158,113,6186,12277,2015,0,16,5,0,2,25
"235",26,49508,0.819519702244048,19207,10158,113,6186,12277,2016,0,13,4,0,0,17
"236",26,49508,0.819519702244048,19207,10158,113,6186,12277,2017,0,19,12,0,1,32
"237",26,49508,0.819519702244048,19207,10158,113,6186,12277,2018,0,29,11,0,6,46
"238",28,44781,0.525588510221797,7227,25067,114,1597,9393,2005,0,6,1,0,0,7
"239",28,44781,0.525588510221797,7227,25067,114,1597,9393,2006,0,297,45,1,15,370
"240",28,44781,0.525588510221797,7227,25067,114,1597,9393,2007,1,389,38,0,16,458
"241",28,44781,0.525588510221797,7227,25067,114,1597,9393,2008,5,501,71,1,15,600
"242",28,44781,0.525588510221797,7227,25067,114,1597,9393,2009,1,428,56,0,14,511
"243",28,44781,0.525588510221797,7227,25067,114,1597,9393,2010,6,516,90,2,18,639
"244",28,44781,0.525588510221797,7227,25067,114,1597,9393,2011,5,420,66,0,14,511
"245",28,44781,0.525588510221797,7227,25067,114,1597,9393,2012,2,232,49,0,11,296
"246",28,44781,0.525588510221797,7227,25067,114,1597,9393,2013,1,86,22,0,3,115
"247",28,44781,0.525588510221797,7227,25067,114,1597,9393,2014,0,35,6,0,0,44
"248",28,44781,0.525588510221797,7227,25067,114,1597,9393,2015,0,12,3,0,0,16
"249",28,44781,0.525588510221797,7227,25067,114,1597,9393,2016,0,27,3,0,0,30
"250",28,44781,0.525588510221797,7227,25067,114,1597,9393,2017,0,41,7,0,5,54
"251",28,44781,0.525588510221797,7227,25067,114,1597,9393,2018,0,19,5,0,1,25
"252",30,60685,0.647671581117827,6178,16951,161,1388,34825,2005,0,3,4,0,0,8
"253",30,60685,0.647671581117827,6178,16951,161,1388,34825,2006,0,63,37,0,3,114
"254",30,60685,0.647671581117827,6178,16951,161,1388,34825,2007,0,161,126,0,11,325
"255",30,60685,0.647671581117827,6178,16951,161,1388,34825,2008,2,143,130,1,5,295
"256",30,60685,0.647671581117827,6178,16951,161,1388,34825,2009,4,280,189,2,14,500
"257",30,60685,0.647671581117827,6178,16951,161,1388,34825,2010,1,233,205,0,9,481
"258",30,60685,0.647671581117827,6178,16951,161,1388,34825,2011,4,331,330,7,19,706
"259",30,60685,0.647671581117827,6178,16951,161,1388,34825,2012,12,324,257,0,23,621
"260",30,60685,0.647671581117827,6178,16951,161,1388,34825,2013,4,165,117,0,6,298
"261",30,60685,0.647671581117827,6178,16951,161,1388,34825,2014,0,26,25,0,4,60
"262",30,60685,0.647671581117827,6178,16951,161,1388,34825,2015,0,11,9,0,0,20
"263",30,60685,0.647671581117827,6178,16951,161,1388,34825,2016,0,11,7,0,1,19
"264",30,60685,0.647671581117827,6178,16951,161,1388,34825,2017,0,11,10,0,0,21
"265",30,60685,0.647671581117827,6178,16951,161,1388,34825,2018,0,8,12,0,0,20
"266",32,70942,0.791060880920724,3823,47791,242,1236,16299,2005,0,1,1,0,0,2
"267",32,70942,0.791060880920724,3823,47791,242,1236,16299,2006,0,391,59,0,7,471
"268",32,70942,0.791060880920724,3823,47791,242,1236,16299,2007,0,589,75,1,14,694
"269",32,70942,0.791060880920724,3823,47791,242,1236,16299,2008,6,874,103,2,12,1014
"270",32,70942,0.791060880920724,3823,47791,242,1236,16299,2009,7,834,98,0,14,970
"271",32,70942,0.791060880920724,3823,47791,242,1236,16299,2010,7,924,114,1,20,1075
"272",32,70942,0.791060880920724,3823,47791,242,1236,16299,2011,11,1034,101,0,26,1193
"273",32,70942,0.791060880920724,3823,47791,242,1236,16299,2012,8,679,103,0,15,821
"274",32,70942,0.791060880920724,3823,47791,242,1236,16299,2013,0,249,45,0,8,309
"275",32,70942,0.791060880920724,3823,47791,242,1236,16299,2014,2,102,20,0,3,128
"276",32,70942,0.791060880920724,3823,47791,242,1236,16299,2015,0,62,14,1,1,81
"277",32,70942,0.791060880920724,3823,47791,242,1236,16299,2016,1,46,14,0,1,64
"278",32,70942,0.791060880920724,3823,47791,242,1236,16299,2017,0,68,13,0,0,82
"279",32,70942,0.791060880920724,3823,47791,242,1236,16299,2018,0,33,12,0,4,49
"280",33,77645,0.889257183939266,8151,8661,113,2131,57530,2005,0,0,0,0,0,0
"281",33,77645,0.889257183939266,8151,8661,113,2131,57530,2006,0,62,71,1,8,149
"282",33,77645,0.889257183939266,8151,8661,113,2131,57530,2007,2,62,161,1,16,254
"283",33,77645,0.889257183939266,8151,8661,113,2131,57530,2008,2,129,268,2,14,420
"284",33,77645,0.889257183939266,8151,8661,113,2131,57530,2009,6,138,283,2,31,473
"285",33,77645,0.889257183939266,8151,8661,113,2131,57530,2010,1,105,223,0,21,355
"286",33,77645,0.889257183939266,8151,8661,113,2131,57530,2011,4,92,243,3,29,385
"287",33,77645,0.889257183939266,8151,8661,113,2131,57530,2012,2,46,167,0,12,240
"288",33,77645,0.889257183939266,8151,8661,113,2131,57530,2013,1,27,88,0,3,127
"289",33,77645,0.889257183939266,8151,8661,113,2131,57530,2014,0,10,20,0,1,32
"290",33,77645,0.889257183939266,8151,8661,113,2131,57530,2015,0,3,6,0,0,9
"291",33,77645,0.889257183939266,8151,8661,113,2131,57530,2016,0,1,16,1,2,20
"292",33,77645,0.889257183939266,8151,8661,113,2131,57530,2017,0,19,36,0,3,60
"293",33,77645,0.889257183939266,8151,8661,113,2131,57530,2018,0,5,22,0,1,28
"294",34,112375,1.79179596518117,25291,5293,115,2683,77446,2005,0,0,0,0,0,0
"295",34,112375,1.79179596518117,25291,5293,115,2683,77446,2006,0,27,128,0,7,167
"296",34,112375,1.79179596518117,25291,5293,115,2683,77446,2007,3,78,234,0,14,331
"297",34,112375,1.79179596518117,25291,5293,115,2683,77446,2008,2,79,335,1,21,447
"298",34,112375,1.79179596518117,25291,5293,115,2683,77446,2009,4,82,258,0,8,364
"299",34,112375,1.79179596518117,25291,5293,115,2683,77446,2010,6,80,360,2,18,487
"300",34,112375,1.79179596518117,25291,5293,115,2683,77446,2011,2,58,324,2,18,434
"301",34,112375,1.79179596518117,25291,5293,115,2683,77446,2012,2,44,309,1,9,402
"302",34,112375,1.79179596518117,25291,5293,115,2683,77446,2013,1,34,229,0,18,292
"303",34,112375,1.79179596518117,25291,5293,115,2683,77446,2014,0,9,73,1,6,92
"304",34,112375,1.79179596518117,25291,5293,115,2683,77446,2015,0,4,10,0,0,14
"305",34,112375,1.79179596518117,25291,5293,115,2683,77446,2016,0,1,19,0,0,21
"306",34,112375,1.79179596518117,25291,5293,115,2683,77446,2017,0,13,35,0,2,51
"307",34,112375,1.79179596518117,25291,5293,115,2683,77446,2018,0,5,37,0,2,44
"308",40,91497,2.07684180273771,1428,23680,177,542,64887,2005,1,11,11,0,0,23
"309",40,91497,2.07684180273771,1428,23680,177,542,64887,2006,3,312,359,1,8,720
"310",40,91497,2.07684180273771,1428,23680,177,542,64887,2007,1,314,363,0,13,715
"311",40,91497,2.07684180273771,1428,23680,177,542,64887,2008,4,313,364,2,9,716
"312",40,91497,2.07684180273771,1428,23680,177,542,64887,2009,3,269,314,2,11,608
"313",40,91497,2.07684180273771,1428,23680,177,542,64887,2010,4,502,559,0,16,1098
"314",40,91497,2.07684180273771,1428,23680,177,542,64887,2011,4,537,555,3,12,1121
"315",40,91497,2.07684180273771,1428,23680,177,542,64887,2012,5,456,558,1,16,1044
"316",40,91497,2.07684180273771,1428,23680,177,542,64887,2013,0,273,317,0,4,600
"317",40,91497,2.07684180273771,1428,23680,177,542,64887,2014,5,294,330,1,12,668
"318",40,91497,2.07684180273771,1428,23680,177,542,64887,2015,0,256,255,0,12,540
"319",40,91497,2.07684180273771,1428,23680,177,542,64887,2016,1,77,86,1,3,172
"320",40,91497,2.07684180273771,1428,23680,177,542,64887,2017,0,70,39,0,0,110
"321",40,91497,2.07684180273771,1428,23680,177,542,64887,2018,0,43,53,0,1,98
"322",41,52246,2.13659507826566,694,11536,92,341,39089,2005,0,1,1,0,0,2
"323",41,52246,2.13659507826566,694,11536,92,341,39089,2006,0,98,112,0,10,225
"324",41,52246,2.13659507826566,694,11536,92,341,39089,2007,1,86,140,0,5,244
"325",41,52246,2.13659507826566,694,11536,92,341,39089,2008,2,206,269,0,7,527
"326",41,52246,2.13659507826566,694,11536,92,341,39089,2009,0,172,227,0,10,465
"327",41,52246,2.13659507826566,694,11536,92,341,39089,2010,2,210,356,0,6,624
"328",41,52246,2.13659507826566,694,11536,92,341,39089,2011,3,172,286,0,7,503
"329",41,52246,2.13659507826566,694,11536,92,341,39089,2012,7,162,200,0,14,404
"330",41,52246,2.13659507826566,694,11536,92,341,39089,2013,0,44,55,0,5,109
"331",41,52246,2.13659507826566,694,11536,92,341,39089,2014,0,27,47,0,0,79
"332",41,52246,2.13659507826566,694,11536,92,341,39089,2015,0,37,40,0,2,79
"333",41,52246,2.13659507826566,694,11536,92,341,39089,2016,0,9,22,0,0,31
"334",41,52246,2.13659507826566,694,11536,92,341,39089,2017,0,8,11,0,1,20
"335",41,52246,2.13659507826566,694,11536,92,341,39089,2018,0,9,14,0,0,23
"336",42,79762,1.54090878184633,918,31387,230,380,46013,2005,0,8,7,0,0,15
"337",42,79762,1.54090878184633,918,31387,230,380,46013,2006,0,292,174,0,5,503
"338",42,79762,1.54090878184633,918,31387,230,380,46013,2007,1,330,176,0,6,532
"339",42,79762,1.54090878184633,918,31387,230,380,46013,2008,2,397,202,1,5,640
"340",42,79762,1.54090878184633,918,31387,230,380,46013,2009,3,264,147,0,2,423
"341",42,79762,1.54090878184633,918,31387,230,380,46013,2010,2,517,259,0,5,810
"342",42,79762,1.54090878184633,918,31387,230,380,46013,2011,1,479,275,1,9,786
"343",42,79762,1.54090878184633,918,31387,230,380,46013,2012,0,412,251,1,9,687
"344",42,79762,1.54090878184633,918,31387,230,380,46013,2013,0,162,118,0,3,291
"345",42,79762,1.54090878184633,918,31387,230,380,46013,2014,1,128,103,0,3,245
"346",42,79762,1.54090878184633,918,31387,230,380,46013,2015,1,88,56,0,0,153
"347",42,79762,1.54090878184633,918,31387,230,380,46013,2016,0,49,26,0,0,80
"348",42,79762,1.54090878184633,918,31387,230,380,46013,2017,0,60,37,0,1,98
"349",42,79762,1.54090878184633,918,31387,230,380,46013,2018,0,41,19,0,0,60
"350",43,172122,3.89595784601951,4739,53042,562,9937,99213,2005,0,4,1,0,0,5
"351",43,172122,3.89595784601951,4739,53042,562,9937,99213,2006,5,360,297,1,22,707
"352",43,172122,3.89595784601951,4739,53042,562,9937,99213,2007,3,361,337,2,17,728
"353",43,172122,3.89595784601951,4739,53042,562,9937,99213,2008,15,374,355,5,19,794
"354",43,172122,3.89595784601951,4739,53042,562,9937,99213,2009,12,507,475,2,29,1050
"355",43,172122,3.89595784601951,4739,53042,562,9937,99213,2010,9,512,474,1,24,1072
"356",43,172122,3.89595784601951,4739,53042,562,9937,99213,2011,6,502,600,5,21,1200
"357",43,172122,3.89595784601951,4739,53042,562,9937,99213,2012,3,382,398,4,14,818
"358",43,172122,3.89595784601951,4739,53042,562,9937,99213,2013,2,153,125,1,3,289
"359",43,172122,3.89595784601951,4739,53042,562,9937,99213,2014,1,75,75,0,1,154
"360",43,172122,3.89595784601951,4739,53042,562,9937,99213,2015,1,83,86,0,2,181
"361",43,172122,3.89595784601951,4739,53042,562,9937,99213,2016,0,56,45,0,1,103
"362",43,172122,3.89595784601951,4739,53042,562,9937,99213,2017,1,14,22,0,0,38
"363",43,172122,3.89595784601951,4739,53042,562,9937,99213,2018,0,63,42,0,1,108
"364",44,146441,1.90921118010283,2193,47344,310,2258,92338,2005,0,2,4,0,4,10
"365",44,146441,1.90921118010283,2193,47344,310,2258,92338,2006,0,132,104,0,6,251
"366",44,146441,1.90921118010283,2193,47344,310,2258,92338,2007,1,165,141,0,6,343
"367",44,146441,1.90921118010283,2193,47344,310,2258,92338,2008,1,195,140,1,5,379
"368",44,146441,1.90921118010283,2193,47344,310,2258,92338,2009,2,231,227,1,9,515
"369",44,146441,1.90921118010283,2193,47344,310,2258,92338,2010,5,587,536,2,16,1202
"370",44,146441,1.90921118010283,2193,47344,310,2258,92338,2011,9,628,534,1,32,1264
"371",44,146441,1.90921118010283,2193,47344,310,2258,92338,2012,14,582,671,3,37,1335
"372",44,146441,1.90921118010283,2193,47344,310,2258,92338,2013,3,220,315,1,18,563
"373",44,146441,1.90921118010283,2193,47344,310,2258,92338,2014,0,87,102,0,2,191
"374",44,146441,1.90921118010283,2193,47344,310,2258,92338,2015,0,33,29,0,1,63
"375",44,146441,1.90921118010283,2193,47344,310,2258,92338,2016,0,8,4,0,0,13
"376",44,146441,1.90921118010283,2193,47344,310,2258,92338,2017,0,35,41,0,0,77
"377",44,146441,1.90921118010283,2193,47344,310,2258,92338,2018,1,30,37,0,2,70
"378",45,120833,9.3352139559453,41615,26967,277,5539,44175,2005,0,3,1,0,0,5
"379",45,120833,9.3352139559453,41615,26967,277,5539,44175,2006,5,70,76,0,41,204
"380",45,120833,9.3352139559453,41615,26967,277,5539,44175,2007,1,50,65,0,33,161
"381",45,120833,9.3352139559453,41615,26967,277,5539,44175,2008,3,62,74,1,29,174
"382",45,120833,9.3352139559453,41615,26967,277,5539,44175,2009,8,90,100,1,41,245
"383",45,120833,9.3352139559453,41615,26967,277,5539,44175,2010,2,127,130,1,53,318
"384",45,120833,9.3352139559453,41615,26967,277,5539,44175,2011,7,128,135,0,67,346
"385",45,120833,9.3352139559453,41615,26967,277,5539,44175,2012,5,144,105,1,58,323
"386",45,120833,9.3352139559453,41615,26967,277,5539,44175,2013,0,32,38,0,19,91
"387",45,120833,9.3352139559453,41615,26967,277,5539,44175,2014,1,21,11,0,7,41
"388",45,120833,9.3352139559453,41615,26967,277,5539,44175,2015,1,8,13,0,6,28
"389",45,120833,9.3352139559453,41615,26967,277,5539,44175,2016,0,11,7,0,3,22
"390",45,120833,9.3352139559453,41615,26967,277,5539,44175,2017,0,9,5,0,0,16
"391",45,120833,9.3352139559453,41615,26967,277,5539,44175,2018,0,8,4,0,2,14
"392",46,128200,1.31761625093656,1791,36795,318,1949,85600,2005,0,3,0,0,0,3
"393",46,128200,1.31761625093656,1791,36795,318,1949,85600,2006,4,189,195,3,4,407
"394",46,128200,1.31761625093656,1791,36795,318,1949,85600,2007,7,225,231,2,8,509
"395",46,128200,1.31761625093656,1791,36795,318,1949,85600,2008,3,160,186,0,7,389
"396",46,128200,1.31761625093656,1791,36795,318,1949,85600,2009,8,215,238,2,15,520
"397",46,128200,1.31761625093656,1791,36795,318,1949,85600,2010,3,222,229,0,9,482
"398",46,128200,1.31761625093656,1791,36795,318,1949,85600,2011,1,148,163,0,1,313
"399",46,128200,1.31761625093656,1791,36795,318,1949,85600,2012,11,118,121,1,3,256
"400",46,128200,1.31761625093656,1791,36795,318,1949,85600,2013,1,35,34,0,1,72
"401",46,128200,1.31761625093656,1791,36795,318,1949,85600,2014,0,22,23,0,0,45
"402",46,128200,1.31761625093656,1791,36795,318,1949,85600,2015,0,13,13,0,1,27
"403",46,128200,1.31761625093656,1791,36795,318,1949,85600,2016,0,14,10,0,0,24
"404",46,128200,1.31761625093656,1791,36795,318,1949,85600,2017,1,43,43,0,2,91
"405",46,128200,1.31761625093656,1791,36795,318,1949,85600,2018,0,41,37,0,0,79
"406",47,152374,5.51972817766751,10871,99102,587,2922,34919,2005,0,4,4,0,3,12
"407",47,152374,5.51972817766751,10871,99102,587,2922,34919,2006,3,251,70,0,13,349
"408",47,152374,5.51972817766751,10871,99102,587,2922,34919,2007,0,335,105,0,23,474
"409",47,152374,5.51972817766751,10871,99102,587,2922,34919,2008,9,406,126,2,11,574
"410",47,152374,5.51972817766751,10871,99102,587,2922,34919,2009,6,328,102,0,14,458
"411",47,152374,5.51972817766751,10871,99102,587,2922,34919,2010,21,927,164,2,29,1167
"412",47,152374,5.51972817766751,10871,99102,587,2922,34919,2011,8,706,163,3,20,919
"413",47,152374,5.51972817766751,10871,99102,587,2922,34919,2012,5,461,132,4,15,629
"414",47,152374,5.51972817766751,10871,99102,587,2922,34919,2013,4,203,28,1,4,240
"415",47,152374,5.51972817766751,10871,99102,587,2922,34919,2014,2,108,52,0,2,168
"416",47,152374,5.51972817766751,10871,99102,587,2922,34919,2015,0,147,58,1,2,213
"417",47,152374,5.51972817766751,10871,99102,587,2922,34919,2016,0,51,14,0,0,65
"418",47,152374,5.51972817766751,10871,99102,587,2922,34919,2017,0,40,11,0,0,52
"419",47,152374,5.51972817766751,10871,99102,587,2922,34919,2018,0,17,5,0,0,22
"420",48,83266,1.48650517866485,6219,21548,172,952,53447,2005,0,0,2,0,0,2
"421",48,83266,1.48650517866485,6219,21548,172,952,53447,2006,0,80,85,0,6,171
"422",48,83266,1.48650517866485,6219,21548,172,952,53447,2007,4,95,88,0,5,193
"423",48,83266,1.48650517866485,6219,21548,172,952,53447,2008,3,105,105,1,6,223
"424",48,83266,1.48650517866485,6219,21548,172,952,53447,2009,2,115,139,0,7,268
"425",48,83266,1.48650517866485,6219,21548,172,952,53447,2010,5,173,254,0,14,502
"426",48,83266,1.48650517866485,6219,21548,172,952,53447,2011,2,156,145,0,23,353
"427",48,83266,1.48650517866485,6219,21548,172,952,53447,2012,3,92,89,1,3,193
"428",48,83266,1.48650517866485,6219,21548,172,952,53447,2013,0,27,33,0,1,62
"429",48,83266,1.48650517866485,6219,21548,172,952,53447,2014,0,15,7,0,2,27
"430",48,83266,1.48650517866485,6219,21548,172,952,53447,2015,0,9,11,0,1,21
"431",48,83266,1.48650517866485,6219,21548,172,952,53447,2016,0,13,10,0,1,24
"432",48,83266,1.48650517866485,6219,21548,172,952,53447,2017,0,25,19,0,1,45
"433",48,83266,1.48650517866485,6219,21548,172,952,53447,2018,0,18,23,0,3,44
"434",49,114712,3.6378204439109,31212,23367,265,8731,48721,2005,0,4,1,0,0,5
"435",49,114712,3.6378204439109,31212,23367,265,8731,48721,2006,5,66,52,0,14,138
"436",49,114712,3.6378204439109,31212,23367,265,8731,48721,2007,1,78,71,0,10,160
"437",49,114712,3.6378204439109,31212,23367,265,8731,48721,2008,3,96,96,1,16,216
"438",49,114712,3.6378204439109,31212,23367,265,8731,48721,2009,6,179,134,6,24,357
"439",49,114712,3.6378204439109,31212,23367,265,8731,48721,2010,11,205,181,6,38,453
"440",49,114712,3.6378204439109,31212,23367,265,8731,48721,2011,7,174,147,2,42,378
"441",49,114712,3.6378204439109,31212,23367,265,8731,48721,2012,5,158,132,3,44,349
"442",49,114712,3.6378204439109,31212,23367,265,8731,48721,2013,3,45,42,0,16,106
"443",49,114712,3.6378204439109,31212,23367,265,8731,48721,2014,1,28,24,0,5,59
"444",49,114712,3.6378204439109,31212,23367,265,8731,48721,2015,4,29,56,0,16,105
"445",49,114712,3.6378204439109,31212,23367,265,8731,48721,2016,2,30,28,0,9,70
"446",49,114712,3.6378204439109,31212,23367,265,8731,48721,2017,0,50,37,0,6,94
"447",49,114712,3.6378204439109,31212,23367,265,8731,48721,2018,0,16,17,0,5,38
"448",50,101720,4.69122339432268,39181,11432,146,5048,44156,2005,0,0,0,0,0,0
"449",50,101720,4.69122339432268,39181,11432,146,5048,44156,2006,0,3,6,0,0,9
"450",50,101720,4.69122339432268,39181,11432,146,5048,44156,2007,0,16,52,0,13,82
"451",50,101720,4.69122339432268,39181,11432,146,5048,44156,2008,1,56,84,0,26,170
"452",50,101720,4.69122339432268,39181,11432,146,5048,44156,2009,4,65,110,0,27,208
"453",50,101720,4.69122339432268,39181,11432,146,5048,44156,2010,5,76,139,1,42,264
"454",50,101720,4.69122339432268,39181,11432,146,5048,44156,2011,2,84,177,2,36,304
"455",50,101720,4.69122339432268,39181,11432,146,5048,44156,2012,4,56,115,1,22,203
"456",50,101720,4.69122339432268,39181,11432,146,5048,44156,2013,4,29,38,0,5,76
"457",50,101720,4.69122339432268,39181,11432,146,5048,44156,2014,0,3,10,0,1,14
"458",50,101720,4.69122339432268,39181,11432,146,5048,44156,2015,0,5,6,0,2,13
"459",50,101720,4.69122339432268,39181,11432,146,5048,44156,2016,0,4,7,0,0,11
"460",50,101720,4.69122339432268,39181,11432,146,5048,44156,2017,0,4,5,0,1,10
"461",50,101720,4.69122339432268,39181,11432,146,5048,44156,2018,0,2,5,0,1,8
"462",52,139307,2.7367897704634,10034,26171,317,9189,90981,2005,0,1,3,0,0,4
"463",52,139307,2.7367897704634,10034,26171,317,9189,90981,2006,1,48,99,0,7,160
"464",52,139307,2.7367897704634,10034,26171,317,9189,90981,2007,5,102,188,0,19,330
"465",52,139307,2.7367897704634,10034,26171,317,9189,90981,2008,5,130,258,0,15,432
"466",52,139307,2.7367897704634,10034,26171,317,9189,90981,2009,9,154,238,1,19,439
"467",52,139307,2.7367897704634,10034,26171,317,9189,90981,2010,12,275,505,0,25,835
"468",52,139307,2.7367897704634,10034,26171,317,9189,90981,2011,2,223,377,2,28,657
"469",52,139307,2.7367897704634,10034,26171,317,9189,90981,2012,4,142,277,0,14,446
"470",52,139307,2.7367897704634,10034,26171,317,9189,90981,2013,3,59,89,1,7,159
"471",52,139307,2.7367897704634,10034,26171,317,9189,90981,2014,1,14,21,0,1,39
"472",52,139307,2.7367897704634,10034,26171,317,9189,90981,2015,0,5,13,0,3,21
"473",52,139307,2.7367897704634,10034,26171,317,9189,90981,2016,0,8,8,0,0,16
"474",52,139307,2.7367897704634,10034,26171,317,9189,90981,2017,0,30,30,0,1,61
"475",52,139307,2.7367897704634,10034,26171,317,9189,90981,2018,0,17,30,0,0,47
"476",60,104278,3.03141735060217,59405,13401,183,12310,17423,2005,1,46,26,0,26,103
"477",60,104278,3.03141735060217,59405,13401,183,12310,17423,2006,2,159,92,1,70,334
"478",60,104278,3.03141735060217,59405,13401,183,12310,17423,2007,5,105,71,2,73,263
"479",60,104278,3.03141735060217,59405,13401,183,12310,17423,2008,3,162,93,1,88,360
"480",60,104278,3.03141735060217,59405,13401,183,12310,17423,2009,5,189,93,2,78,377
"481",60,104278,3.03141735060217,59405,13401,183,12310,17423,2010,15,316,189,2,164,690
"482",60,104278,3.03141735060217,59405,13401,183,12310,17423,2011,18,305,169,5,171,670
"483",60,104278,3.03141735060217,59405,13401,183,12310,17423,2012,6,204,123,4,154,500
"484",60,104278,3.03141735060217,59405,13401,183,12310,17423,2013,10,101,84,1,83,285
"485",60,104278,3.03141735060217,59405,13401,183,12310,17423,2014,2,36,13,0,19,70
"486",60,104278,3.03141735060217,59405,13401,183,12310,17423,2015,0,59,23,0,14,99
"487",60,104278,3.03141735060217,59405,13401,183,12310,17423,2016,1,62,45,0,35,144
"488",60,104278,3.03141735060217,59405,13401,183,12310,17423,2017,1,23,26,0,23,75
"489",60,104278,3.03141735060217,59405,13401,183,12310,17423,2018,0,28,20,0,14,62
"490",61,159645,4.62894868939962,114720,5298,88,24121,13029,2005,0,0,0,0,0,0
"491",61,159645,4.62894868939962,114720,5298,88,24121,13029,2006,8,101,39,0,168,328
"492",61,159645,4.62894868939962,114720,5298,88,24121,13029,2007,2,90,49,0,113,262
"493",61,159645,4.62894868939962,114720,5298,88,24121,13029,2008,4,61,37,0,92,203
"494",61,159645,4.62894868939962,114720,5298,88,24121,13029,2009,3,98,34,0,69,210
"495",61,159645,4.62894868939962,114720,5298,88,24121,13029,2010,7,93,49,0,115,269
"496",61,159645,4.62894868939962,114720,5298,88,24121,13029,2011,2,77,45,1,134,265
"497",61,159645,4.62894868939962,114720,5298,88,24121,13029,2012,8,69,24,0,92,193
"498",61,159645,4.62894868939962,114720,5298,88,24121,13029,2013,1,39,13,0,61,114
"499",61,159645,4.62894868939962,114720,5298,88,24121,13029,2014,1,10,1,0,3,15
"500",61,159645,4.62894868939962,114720,5298,88,24121,13029,2015,0,9,5,0,8,22
"501",61,159645,4.62894868939962,114720,5298,88,24121,13029,2016,0,16,6,0,12,34
"502",61,159645,4.62894868939962,114720,5298,88,24121,13029,2017,1,22,5,0,28,58
"503",61,159645,4.62894868939962,114720,5298,88,24121,13029,2018,1,20,5,0,17,44
"504",62,181981,3.54841436219181,90741,1362,145,62948,24239,2005,2,3,9,0,23,38
"505",62,181981,3.54841436219181,90741,1362,145,62948,24239,2006,3,9,46,0,98,158
"506",62,181981,3.54841436219181,90741,1362,145,62948,24239,2007,3,14,48,0,185,251
"507",62,181981,3.54841436219181,90741,1362,145,62948,24239,2008,4,22,68,0,115,212
"508",62,181981,3.54841436219181,90741,1362,145,62948,24239,2009,8,30,63,1,100,206
"509",62,181981,3.54841436219181,90741,1362,145,62948,24239,2010,14,14,55,5,91,180
"510",62,181981,3.54841436219181,90741,1362,145,62948,24239,2011,18,7,58,0,108,194
"511",62,181981,3.54841436219181,90741,1362,145,62948,24239,2012,23,20,46,0,105,195
"512",62,181981,3.54841436219181,90741,1362,145,62948,24239,2013,11,13,25,1,63,115
"513",62,181981,3.54841436219181,90741,1362,145,62948,24239,2014,7,4,11,0,23,45
"514",62,181981,3.54841436219181,90741,1362,145,62948,24239,2015,4,13,9,0,21,47
"515",62,181981,3.54841436219181,90741,1362,145,62948,24239,2016,2,1,16,0,8,27
"516",62,181981,3.54841436219181,90741,1362,145,62948,24239,2017,1,13,10,0,18,43
"517",62,181981,3.54841436219181,90741,1362,145,62948,24239,2018,0,9,15,0,8,32
"518",63,108646,7.89382132786271,45309,46606,198,5067,9247,2005,0,23,1,0,5,31
"519",63,108646,7.89382132786271,45309,46606,198,5067,9247,2006,0,54,2,0,12,68
"520",63,108646,7.89382132786271,45309,46606,198,5067,9247,2007,0,36,2,1,5,47
"521",63,108646,7.89382132786271,45309,46606,198,5067,9247,2008,2,58,6,0,9,76
"522",63,108646,7.89382132786271,45309,46606,198,5067,9247,2009,0,82,5,0,7,96
"523",63,108646,7.89382132786271,45309,46606,198,5067,9247,2010,2,116,14,0,11,149
"524",63,108646,7.89382132786271,45309,46606,198,5067,9247,2011,0,183,24,1,27,237
"525",63,108646,7.89382132786271,45309,46606,198,5067,9247,2012,0,157,9,0,31,197
"526",63,108646,7.89382132786271,45309,46606,198,5067,9247,2013,0,68,5,0,5,79
"527",63,108646,7.89382132786271,45309,46606,198,5067,9247,2014,0,14,1,0,3,18
"528",63,108646,7.89382132786271,45309,46606,198,5067,9247,2015,0,7,1,0,0,8
"529",63,108646,7.89382132786271,45309,46606,198,5067,9247,2016,0,4,0,0,0,4
"530",63,108646,7.89382132786271,45309,46606,198,5067,9247,2017,0,20,8,0,4,32
"531",63,108646,7.89382132786271,45309,46606,198,5067,9247,2018,0,30,1,1,6,38
"532",66,191382,3.42166753051439,125152,4338,179,33878,24854,2005,1,10,17,3,14,48
"533",66,191382,3.42166753051439,125152,4338,179,33878,24854,2006,6,8,41,1,15,73
"534",66,191382,3.42166753051439,125152,4338,179,33878,24854,2007,38,67,173,0,86,367
"535",66,191382,3.42166753051439,125152,4338,179,33878,24854,2008,66,93,277,8,150,630
"536",66,191382,3.42166753051439,125152,4338,179,33878,24854,2009,75,67,326,17,165,669
"537",66,191382,3.42166753051439,125152,4338,179,33878,24854,2010,49,48,198,5,97,419
"538",66,191382,3.42166753051439,125152,4338,179,33878,24854,2011,43,58,132,3,76,326
"539",66,191382,3.42166753051439,125152,4338,179,33878,24854,2012,41,41,154,3,73,322
"540",66,191382,3.42166753051439,125152,4338,179,33878,24854,2013,32,34,79,0,47,198
"541",66,191382,3.42166753051439,125152,4338,179,33878,24854,2014,10,20,41,1,21,98
"542",66,191382,3.42166753051439,125152,4338,179,33878,24854,2015,5,14,46,0,21,89
"543",66,191382,3.42166753051439,125152,4338,179,33878,24854,2016,18,11,24,0,9,66
"544",66,191382,3.42166753051439,125152,4338,179,33878,24854,2017,1,4,4,0,1,10
"545",66,191382,3.42166753051439,125152,4338,179,33878,24854,2018,1,0,0,0,2,3
"546",67,155252,3.22309606350577,2204,137243,405,1786,10536,2005,0,0,0,0,0,0
"547",67,155252,3.22309606350577,2204,137243,405,1786,10536,2006,0,147,2,0,8,157
"548",67,155252,3.22309606350577,2204,137243,405,1786,10536,2007,2,468,13,0,5,488
"549",67,155252,3.22309606350577,2204,137243,405,1786,10536,2008,8,328,12,0,2,353
"550",67,155252,3.22309606350577,2204,137243,405,1786,10536,2009,5,564,12,0,1,588
"551",67,155252,3.22309606350577,2204,137243,405,1786,10536,2010,2,408,13,1,1,429
"552",67,155252,3.22309606350577,2204,137243,405,1786,10536,2011,4,378,13,0,5,420
"553",67,155252,3.22309606350577,2204,137243,405,1786,10536,2012,6,287,5,1,2,302
"554",67,155252,3.22309606350577,2204,137243,405,1786,10536,2013,7,210,5,0,1,227
"555",67,155252,3.22309606350577,2204,137243,405,1786,10536,2014,1,90,0,0,0,93
"556",67,155252,3.22309606350577,2204,137243,405,1786,10536,2015,0,38,1,0,1,40
"557",67,155252,3.22309606350577,2204,137243,405,1786,10536,2016,0,17,0,0,0,17
"558",67,155252,3.22309606350577,2204,137243,405,1786,10536,2017,1,44,1,0,0,46
"559",67,155252,3.22309606350577,2204,137243,405,1786,10536,2018,0,58,6,0,0,64
"560",68,124491,3.81434247934076,76537,1757,97,25766,17868,2005,14,21,31,0,46,119
"561",68,124491,3.81434247934076,76537,1757,97,25766,17868,2006,4,20,42,1,86,154
"562",68,124491,3.81434247934076,76537,1757,97,25766,17868,2007,9,11,55,1,98,175
"563",68,124491,3.81434247934076,76537,1757,97,25766,17868,2008,5,28,85,0,123,243
"564",68,124491,3.81434247934076,76537,1757,97,25766,17868,2009,8,21,95,0,177,306
"565",68,124491,3.81434247934076,76537,1757,97,25766,17868,2010,3,28,78,0,147,258
"566",68,124491,3.81434247934076,76537,1757,97,25766,17868,2011,24,32,112,2,151,321
"567",68,124491,3.81434247934076,76537,1757,97,25766,17868,2012,11,11,73,1,88,184
"568",68,124491,3.81434247934076,76537,1757,97,25766,17868,2013,19,13,48,2,68,152
"569",68,124491,3.81434247934076,76537,1757,97,25766,17868,2014,2,2,7,0,5,16
"570",68,124491,3.81434247934076,76537,1757,97,25766,17868,2015,1,2,5,0,2,10
"571",68,124491,3.81434247934076,76537,1757,97,25766,17868,2016,0,1,8,0,8,17
"572",68,124491,3.81434247934076,76537,1757,97,25766,17868,2017,1,9,12,0,5,36
"573",68,124491,3.81434247934076,76537,1757,97,25766,17868,2018,1,2,4,0,8,15
"574",69,84480,4.06934465968646,4972,68396,193,2241,7059,2005,0,0,0,0,0,0
"575",69,84480,4.06934465968646,4972,68396,193,2241,7059,2006,0,120,16,0,5,147
"576",69,84480,4.06934465968646,4972,68396,193,2241,7059,2007,0,178,10,0,4,192
"577",69,84480,4.06934465968646,4972,68396,193,2241,7059,2008,3,217,9,0,1,235
"578",69,84480,4.06934465968646,4972,68396,193,2241,7059,2009,2,226,22,0,4,254
"579",69,84480,4.06934465968646,4972,68396,193,2241,7059,2010,1,266,12,0,2,282
"580",69,84480,4.06934465968646,4972,68396,193,2241,7059,2011,6,183,5,0,5,199
"581",69,84480,4.06934465968646,4972,68396,193,2241,7059,2012,1,154,11,0,2,168
"582",69,84480,4.06934465968646,4972,68396,193,2241,7059,2013,0,151,8,1,0,160
"583",69,84480,4.06934465968646,4972,68396,193,2241,7059,2014,0,57,5,0,0,62
"584",69,84480,4.06934465968646,4972,68396,193,2241,7059,2015,1,16,2,0,0,19
"585",69,84480,4.06934465968646,4972,68396,193,2241,7059,2016,0,6,0,0,0,6
"586",69,84480,4.06934465968646,4972,68396,193,2241,7059,2017,0,45,5,0,1,53
"587",69,84480,4.06934465968646,4972,68396,193,2241,7059,2018,1,39,2,0,1,44
"588",70,160664,2.82532187687552,59590,56948,346,15184,25165,2005,0,1,0,0,0,1
"589",70,160664,2.82532187687552,59590,56948,346,15184,25165,2006,9,211,39,1,19,279
"590",70,160664,2.82532187687552,59590,56948,346,15184,25165,2007,12,184,57,1,25,281
"591",70,160664,2.82532187687552,59590,56948,346,15184,25165,2008,10,236,85,1,7,341
"592",70,160664,2.82532187687552,59590,56948,346,15184,25165,2009,17,221,55,1,6,303
"593",70,160664,2.82532187687552,59590,56948,346,15184,25165,2010,13,219,43,2,13,294
"594",70,160664,2.82532187687552,59590,56948,346,15184,25165,2011,12,182,38,0,13,254
"595",70,160664,2.82532187687552,59590,56948,346,15184,25165,2012,2,104,18,1,21,152
"596",70,160664,2.82532187687552,59590,56948,346,15184,25165,2013,7,95,28,0,21,152
"597",70,160664,2.82532187687552,59590,56948,346,15184,25165,2014,0,29,5,0,0,34
"598",70,160664,2.82532187687552,59590,56948,346,15184,25165,2015,3,21,5,0,1,30
"599",70,160664,2.82532187687552,59590,56948,346,15184,25165,2016,0,8,6,0,2,16
"600",70,160664,2.82532187687552,59590,56948,346,15184,25165,2017,0,25,5,0,3,33
"601",70,160664,2.82532187687552,59590,56948,346,15184,25165,2018,0,25,3,0,2,30
"602",71,98429,1.55836331325973,18825,66958,199,1239,9157,2005,0,0,0,0,0,0
"603",71,98429,1.55836331325973,18825,66958,199,1239,9157,2006,0,131,5,0,3,142
"604",71,98429,1.55836331325973,18825,66958,199,1239,9157,2007,1,166,9,0,6,190
"605",71,98429,1.55836331325973,18825,66958,199,1239,9157,2008,1,201,7,1,2,213
"606",71,98429,1.55836331325973,18825,66958,199,1239,9157,2009,1,265,11,0,2,281
"607",71,98429,1.55836331325973,18825,66958,199,1239,9157,2010,5,239,18,0,5,268
"608",71,98429,1.55836331325973,18825,66958,199,1239,9157,2011,4,479,29,1,11,527
"609",71,98429,1.55836331325973,18825,66958,199,1239,9157,2012,8,311,22,3,8,354
"610",71,98429,1.55836331325973,18825,66958,199,1239,9157,2013,10,220,18,0,5,253
"611",71,98429,1.55836331325973,18825,66958,199,1239,9157,2014,1,43,6,0,1,51
"612",71,98429,1.55836331325973,18825,66958,199,1239,9157,2015,0,29,1,0,2,32
"613",71,98429,1.55836331325973,18825,66958,199,1239,9157,2016,0,32,4,0,0,36
"614",71,98429,1.55836331325973,18825,66958,199,1239,9157,2017,0,27,3,0,1,31
"615",71,98429,1.55836331325973,18825,66958,199,1239,9157,2018,0,20,0,0,2,22
"616",72,126230,3.59859055713237,29464,3688,178,33321,57375,2005,0,0,0,0,0,0
"617",72,126230,3.59859055713237,29464,3688,178,33321,57375,2006,7,35,79,0,5,132
"618",72,126230,3.59859055713237,29464,3688,178,33321,57375,2007,12,25,129,0,11,181
"619",72,126230,3.59859055713237,29464,3688,178,33321,57375,2008,14,36,130,1,16,201
"620",72,126230,3.59859055713237,29464,3688,178,33321,57375,2009,1,25,265,0,19,312
"621",72,126230,3.59859055713237,29464,3688,178,33321,57375,2010,10,21,270,0,21,337
"622",72,126230,3.59859055713237,29464,3688,178,33321,57375,2011,15,18,162,1,24,222
"623",72,126230,3.59859055713237,29464,3688,178,33321,57375,2012,10,30,170,0,13,230
"624",72,126230,3.59859055713237,29464,3688,178,33321,57375,2013,8,16,101,1,21,158
"625",72,126230,3.59859055713237,29464,3688,178,33321,57375,2014,1,1,11,0,0,13
"626",72,126230,3.59859055713237,29464,3688,178,33321,57375,2015,2,1,16,0,1,20
"627",72,126230,3.59859055713237,29464,3688,178,33321,57375,2016,0,9,30,0,3,45
"628",72,126230,3.59859055713237,29464,3688,178,33321,57375,2017,2,11,37,0,8,58
"629",72,126230,3.59859055713237,29464,3688,178,33321,57375,2018,1,14,17,1,7,40
"630",73,86468,1.78000130987149,858,65930,287,620,17369,2005,0,142,21,0,1,172
"631",73,86468,1.78000130987149,858,65930,287,620,17369,2006,0,195,19,0,2,221
"632",73,86468,1.78000130987149,858,65930,287,620,17369,2007,0,368,45,0,5,429
"633",73,86468,1.78000130987149,858,65930,287,620,17369,2008,3,441,80,1,11,566
"634",73,86468,1.78000130987149,858,65930,287,620,17369,2009,8,455,92,0,12,597
"635",73,86468,1.78000130987149,858,65930,287,620,17369,2010,3,597,89,1,11,720
"636",73,86468,1.78000130987149,858,65930,287,620,17369,2011,4,969,134,1,11,1147
"637",73,86468,1.78000130987149,858,65930,287,620,17369,2012,8,421,64,1,8,513
"638",73,86468,1.78000130987149,858,65930,287,620,17369,2013,4,257,44,1,3,314
"639",73,86468,1.78000130987149,858,65930,287,620,17369,2014,0,96,20,0,3,122
"640",73,86468,1.78000130987149,858,65930,287,620,17369,2015,0,38,7,0,1,47
"641",73,86468,1.78000130987149,858,65930,287,620,17369,2016,0,28,5,0,1,35
"642",73,86468,1.78000130987149,858,65930,287,620,17369,2017,0,65,2,0,1,68
"643",73,86468,1.78000130987149,858,65930,287,620,17369,2018,0,59,8,0,0,68
"644",75,183328,6.64398108449713,6245,94685,715,9064,67131,2005,0,20,2,0,2,26
"645",75,183328,6.64398108449713,6245,94685,715,9064,67131,2006,4,305,77,3,15,416
"646",75,183328,6.64398108449713,6245,94685,715,9064,67131,2007,9,477,193,3,28,739
"647",75,183328,6.64398108449713,6245,94685,715,9064,67131,2008,8,471,162,1,18,684
"648",75,183328,6.64398108449713,6245,94685,715,9064,67131,2009,10,650,196,2,14,890
"649",75,183328,6.64398108449713,6245,94685,715,9064,67131,2010,21,766,244,2,17,1083
"650",75,183328,6.64398108449713,6245,94685,715,9064,67131,2011,15,811,235,4,11,1105
"651",75,183328,6.64398108449713,6245,94685,715,9064,67131,2012,8,466,127,3,4,612
"652",75,183328,6.64398108449713,6245,94685,715,9064,67131,2013,3,262,73,1,9,351
"653",75,183328,6.64398108449713,6245,94685,715,9064,67131,2014,1,139,36,0,2,183
"654",75,183328,6.64398108449713,6245,94685,715,9064,67131,2015,0,53,22,0,0,78
"655",75,183328,6.64398108449713,6245,94685,715,9064,67131,2016,0,24,3,0,0,27
"656",75,183328,6.64398108449713,6245,94685,715,9064,67131,2017,0,9,7,0,0,16
"657",75,183328,6.64398108449713,6245,94685,715,9064,67131,2018,0,67,16,0,2,85
"658",76,43694,1.65851985122311,24791,6097,65,2034,9543,2005,0,24,14,0,2,46
"659",76,43694,1.65851985122311,24791,6097,65,2034,9543,2006,2,118,81,0,30,231
"660",76,43694,1.65851985122311,24791,6097,65,2034,9543,2007,0,126,94,0,40,270
"661",76,43694,1.65851985122311,24791,6097,65,2034,9543,2008,6,110,104,0,32,256
"662",76,43694,1.65851985122311,24791,6097,65,2034,9543,2009,1,142,128,0,52,324
"663",76,43694,1.65851985122311,24791,6097,65,2034,9543,2010,7,155,83,1,52,300
"664",76,43694,1.65851985122311,24791,6097,65,2034,9543,2011,3,131,79,3,30,248
"665",76,43694,1.65851985122311,24791,6097,65,2034,9543,2012,13,140,71,0,48,284
"666",76,43694,1.65851985122311,24791,6097,65,2034,9543,2013,5,70,38,2,16,133
"667",76,43694,1.65851985122311,24791,6097,65,2034,9543,2014,0,18,12,0,3,34
"668",76,43694,1.65851985122311,24791,6097,65,2034,9543,2015,0,13,10,0,3,26
"669",76,43694,1.65851985122311,24791,6097,65,2034,9543,2016,0,29,18,0,6,53
"670",76,43694,1.65851985122311,24791,6097,65,2034,9543,2017,1,26,11,0,4,43
"671",76,43694,1.65851985122311,24791,6097,65,2034,9543,2018,0,13,9,0,5,27
"672",77,96309,1.46730696134225,16048,63111,217,2740,11498,2005,1,196,16,0,2,220
"673",77,96309,1.46730696134225,16048,63111,217,2740,11498,2006,0,122,7,0,2,138
"674",77,96309,1.46730696134225,16048,63111,217,2740,11498,2007,1,325,19,0,5,360
"675",77,96309,1.46730696134225,16048,63111,217,2740,11498,2008,3,618,49,2,14,701
"676",77,96309,1.46730696134225,16048,63111,217,2740,11498,2009,10,634,41,1,18,719
"677",77,96309,1.46730696134225,16048,63111,217,2740,11498,2010,9,484,37,0,5,539
"678",77,96309,1.46730696134225,16048,63111,217,2740,11498,2011,8,421,47,0,4,492
"679",77,96309,1.46730696134225,16048,63111,217,2740,11498,2012,3,325,29,1,9,371
"680",77,96309,1.46730696134225,16048,63111,217,2740,11498,2013,2,167,16,1,2,193
"681",77,96309,1.46730696134225,16048,63111,217,2740,11498,2014,0,50,6,0,0,56
"682",77,96309,1.46730696134225,16048,63111,217,2740,11498,2015,0,17,1,0,0,18
"683",77,96309,1.46730696134225,16048,63111,217,2740,11498,2016,0,19,1,1,2,23
"684",77,96309,1.46730696134225,16048,63111,217,2740,11498,2017,0,34,7,0,0,41
"685",77,96309,1.46730696134225,16048,63111,217,2740,11498,2018,0,32,1,0,0,33
"686",78,61099,2.32632031346355,40965,4877,78,3531,9509,2005,0,1,0,0,0,1
"687",78,61099,2.32632031346355,40965,4877,78,3531,9509,2006,1,70,31,2,10,123
"688",78,61099,2.32632031346355,40965,4877,78,3531,9509,2007,0,51,30,0,9,90
"689",78,61099,2.32632031346355,40965,4877,78,3531,9509,2008,0,33,18,0,7,64
"690",78,61099,2.32632031346355,40965,4877,78,3531,9509,2009,0,41,21,0,9,71
"691",78,61099,2.32632031346355,40965,4877,78,3531,9509,2010,2,40,31,0,12,92
"692",78,61099,2.32632031346355,40965,4877,78,3531,9509,2011,3,64,62,0,32,167
"693",78,61099,2.32632031346355,40965,4877,78,3531,9509,2012,1,53,31,0,8,99
"694",78,61099,2.32632031346355,40965,4877,78,3531,9509,2013,2,35,10,0,3,51
"695",78,61099,2.32632031346355,40965,4877,78,3531,9509,2014,0,7,2,0,0,9
"696",78,61099,2.32632031346355,40965,4877,78,3531,9509,2015,0,6,1,0,0,7
"697",78,61099,2.32632031346355,40965,4877,78,3531,9509,2016,1,10,6,0,1,18
"698",78,61099,2.32632031346355,40965,4877,78,3531,9509,2017,0,14,3,0,0,17
"699",78,61099,2.32632031346355,40965,4877,78,3531,9509,2018,1,20,25,0,2,48
"700",79,90263,1.54633279068571,14506,51142,210,2445,20014,2005,2,144,22,0,5,182
"701",79,90263,1.54633279068571,14506,51142,210,2445,20014,2006,1,214,42,0,2,267
"702",79,90263,1.54633279068571,14506,51142,210,2445,20014,2007,3,626,138,2,17,827
"703",79,90263,1.54633279068571,14506,51142,210,2445,20014,2008,3,749,159,2,17,952
"704",79,90263,1.54633279068571,14506,51142,210,2445,20014,2009,6,863,170,1,30,1096
"705",79,90263,1.54633279068571,14506,51142,210,2445,20014,2010,7,624,107,0,25,768
"706",79,90263,1.54633279068571,14506,51142,210,2445,20014,2011,3,422,74,2,35,551
"707",79,90263,1.54633279068571,14506,51142,210,2445,20014,2012,6,376,81,1,17,489
"708",79,90263,1.54633279068571,14506,51142,210,2445,20014,2013,2,276,45,0,5,339
"709",79,90263,1.54633279068571,14506,51142,210,2445,20014,2014,2,168,29,0,3,204
"710",79,90263,1.54633279068571,14506,51142,210,2445,20014,2015,0,49,10,0,0,60
"711",79,90263,1.54633279068571,14506,51142,210,2445,20014,2016,0,18,10,0,1,30
"712",79,90263,1.54633279068571,14506,51142,210,2445,20014,2017,0,42,6,0,3,51
"713",79,90263,1.54633279068571,14506,51142,210,2445,20014,2018,0,36,7,0,3,46
"714",81,62722,1.18566545341674,2128,47638,243,1080,10474,2005,1,70,7,0,2,84
"715",81,62722,1.18566545341674,2128,47638,243,1080,10474,2006,0,99,5,0,0,106
"716",81,62722,1.18566545341674,2128,47638,243,1080,10474,2007,0,215,11,0,2,232
"717",81,62722,1.18566545341674,2128,47638,243,1080,10474,2008,2,411,44,0,5,472
"718",81,62722,1.18566545341674,2128,47638,243,1080,10474,2009,3,530,41,1,1,582
"719",81,62722,1.18566545341674,2128,47638,243,1080,10474,2010,5,473,67,0,4,553
"720",81,62722,1.18566545341674,2128,47638,243,1080,10474,2011,2,391,43,1,7,460
"721",81,62722,1.18566545341674,2128,47638,243,1080,10474,2012,1,300,48,2,11,376
"722",81,62722,1.18566545341674,2128,47638,243,1080,10474,2013,0,142,17,0,4,165
"723",81,62722,1.18566545341674,2128,47638,243,1080,10474,2014,1,44,10,0,1,58
"724",81,62722,1.18566545341674,2128,47638,243,1080,10474,2015,0,7,0,0,1,8
"725",81,62722,1.18566545341674,2128,47638,243,1080,10474,2016,0,16,4,0,0,20
"726",81,62722,1.18566545341674,2128,47638,243,1080,10474,2017,0,26,3,0,0,29
"727",81,62722,1.18566545341674,2128,47638,243,1080,10474,2018,2,29,0,0,1,32
"728",83,112634,1.94786112703134,9564,22688,201,4807,73616,2005,0,28,35,0,3,70
"729",83,112634,1.94786112703134,9564,22688,201,4807,73616,2006,1,61,61,0,3,135
"730",83,112634,1.94786112703134,9564,22688,201,4807,73616,2007,0,92,135,0,13,246
"731",83,112634,1.94786112703134,9564,22688,201,4807,73616,2008,2,184,344,0,19,566
"732",83,112634,1.94786112703134,9564,22688,201,4807,73616,2009,1,244,288,0,32,568
"733",83,112634,1.94786112703134,9564,22688,201,4807,73616,2010,7,268,377,2,27,685
"734",83,112634,1.94786112703134,9564,22688,201,4807,73616,2011,10,266,423,4,44,773
"735",83,112634,1.94786112703134,9564,22688,201,4807,73616,2012,7,223,281,0,36,574
"736",83,112634,1.94786112703134,9564,22688,201,4807,73616,2013,2,80,133,0,24,248
"737",83,112634,1.94786112703134,9564,22688,201,4807,73616,2014,1,38,51,0,7,97
"738",83,112634,1.94786112703134,9564,22688,201,4807,73616,2015,0,22,38,0,2,64
"739",83,112634,1.94786112703134,9564,22688,201,4807,73616,2016,0,7,19,0,0,27
"740",83,112634,1.94786112703134,9564,22688,201,4807,73616,2017,0,9,12,0,0,22
"741",83,112634,1.94786112703134,9564,22688,201,4807,73616,2018,0,22,17,0,2,41
"742",84,48196,1.21914557523499,30066,5935,79,4466,6078,2005,0,18,2,0,1,21
"743",84,48196,1.21914557523499,30066,5935,79,4466,6078,2006,1,84,25,0,6,116
"744",84,48196,1.21914557523499,30066,5935,79,4466,6078,2007,1,99,30,0,11,141
"745",84,48196,1.21914557523499,30066,5935,79,4466,6078,2008,4,180,61,0,31,281
"746",84,48196,1.21914557523499,30066,5935,79,4466,6078,2009,3,210,45,2,17,281
"747",84,48196,1.21914557523499,30066,5935,79,4466,6078,2010,8,260,62,1,29,367
"748",84,48196,1.21914557523499,30066,5935,79,4466,6078,2011,13,203,38,1,40,298
"749",84,48196,1.21914557523499,30066,5935,79,4466,6078,2012,10,144,35,0,14,205
"750",84,48196,1.21914557523499,30066,5935,79,4466,6078,2013,4,86,34,0,11,135
"751",84,48196,1.21914557523499,30066,5935,79,4466,6078,2014,1,50,19,0,5,76
"752",84,48196,1.21914557523499,30066,5935,79,4466,6078,2015,1,26,4,0,2,33
"753",84,48196,1.21914557523499,30066,5935,79,4466,6078,2016,1,27,3,0,1,32
"754",84,48196,1.21914557523499,30066,5935,79,4466,6078,2017,3,37,11,0,3,54
"755",84,48196,1.21914557523499,30066,5935,79,4466,6078,2018,1,36,4,0,4,45
"756",88,51421,1.45748634937736,15904,21986,126,3349,8093,2005,0,106,16,0,5,127
"757",88,51421,1.45748634937736,15904,21986,126,3349,8093,2006,1,283,42,0,14,355
"758",88,51421,1.45748634937736,15904,21986,126,3349,8093,2007,2,348,63,0,9,436
"759",88,51421,1.45748634937736,15904,21986,126,3349,8093,2008,4,313,53,5,15,402
"760",88,51421,1.45748634937736,15904,21986,126,3349,8093,2009,6,299,58,2,25,390
"761",88,51421,1.45748634937736,15904,21986,126,3349,8093,2010,7,399,67,0,14,488
"762",88,51421,1.45748634937736,15904,21986,126,3349,8093,2011,5,460,62,6,26,570
"763",88,51421,1.45748634937736,15904,21986,126,3349,8093,2012,4,340,49,12,19,430
"764",88,51421,1.45748634937736,15904,21986,126,3349,8093,2013,0,72,10,3,3,89
"765",88,51421,1.45748634937736,15904,21986,126,3349,8093,2014,0,31,11,0,2,44
"766",88,51421,1.45748634937736,15904,21986,126,3349,8093,2015,1,17,1,0,3,23
"767",88,51421,1.45748634937736,15904,21986,126,3349,8093,2016,0,7,2,0,0,9
"768",88,51421,1.45748634937736,15904,21986,126,3349,8093,2017,0,13,2,0,0,15
"769",88,51421,1.45748634937736,15904,21986,126,3349,8093,2018,0,39,4,0,0,43
"770",90,116836,2.27444618203989,64467,7294,122,5484,37920,2005,0,41,70,0,5,117
"771",90,116836,2.27444618203989,64467,7294,122,5484,37920,2006,0,36,65,1,10,117
"772",90,116836,2.27444618203989,64467,7294,122,5484,37920,2007,2,110,184,1,28,339
"773",90,116836,2.27444618203989,64467,7294,122,5484,37920,2008,2,162,250,1,40,471
"774",90,116836,2.27444618203989,64467,7294,122,5484,37920,2009,2,171,256,1,40,484
"775",90,116836,2.27444618203989,64467,7294,122,5484,37920,2010,1,229,380,1,66,682
"776",90,116836,2.27444618203989,64467,7294,122,5484,37920,2011,6,160,321,3,57,552
"777",90,116836,2.27444618203989,64467,7294,122,5484,37920,2012,4,133,276,3,54,475
"778",90,116836,2.27444618203989,64467,7294,122,5484,37920,2013,3,57,75,0,12,147
"779",90,116836,2.27444618203989,64467,7294,122,5484,37920,2014,2,41,39,0,8,93
"780",90,116836,2.27444618203989,64467,7294,122,5484,37920,2015,0,11,17,0,1,29
"781",90,116836,2.27444618203989,64467,7294,122,5484,37920,2016,0,18,22,0,6,46
"782",90,116836,2.27444618203989,64467,7294,122,5484,37920,2017,0,16,22,0,4,42
"783",90,116836,2.27444618203989,64467,7294,122,5484,37920,2018,0,16,10,0,3,29
"784",94,56247,2.25643604447759,40844,1688,84,3281,9088,2005,0,27,29,0,26,86
"785",94,56247,2.25643604447759,40844,1688,84,3281,9088,2006,0,10,24,0,26,63
"786",94,56247,2.25643604447759,40844,1688,84,3281,9088,2007,0,20,34,0,29,83
"787",94,56247,2.25643604447759,40844,1688,84,3281,9088,2008,0,11,48,0,41,102
"788",94,56247,2.25643604447759,40844,1688,84,3281,9088,2009,1,21,54,0,69,145
"789",94,56247,2.25643604447759,40844,1688,84,3281,9088,2010,0,38,34,0,53,129
"790",94,56247,2.25643604447759,40844,1688,84,3281,9088,2011,6,21,46,1,59,137
"791",94,56247,2.25643604447759,40844,1688,84,3281,9088,2012,3,38,34,1,64,146
"792",94,56247,2.25643604447759,40844,1688,84,3281,9088,2013,2,15,11,0,26,54
"793",94,56247,2.25643604447759,40844,1688,84,3281,9088,2014,0,6,3,0,11,20
"794",94,56247,2.25643604447759,40844,1688,84,3281,9088,2015,1,5,1,0,4,11
"795",94,56247,2.25643604447759,40844,1688,84,3281,9088,2016,0,4,4,0,1,9
"796",94,56247,2.25643604447759,40844,1688,84,3281,9088,2017,0,17,7,0,9,33
"797",94,56247,2.25643604447759,40844,1688,84,3281,9088,2018,0,8,3,0,3,14
"798",100,47913,7.19864537685984,26793,11609,94,1334,7161,2005,0,0,2,0,0,2
"799",100,47913,7.19864537685984,26793,11609,94,1334,7161,2006,0,136,27,0,34,197
"800",100,47913,7.19864537685984,26793,11609,94,1334,7161,2007,1,150,28,0,45,224
"801",100,47913,7.19864537685984,26793,11609,94,1334,7161,2008,0,182,32,0,27,241
"802",100,47913,7.19864537685984,26793,11609,94,1334,7161,2009,1,212,41,0,44,301
"803",100,47913,7.19864537685984,26793,11609,94,1334,7161,2010,2,213,55,0,65,335
"804",100,47913,7.19864537685984,26793,11609,94,1334,7161,2011,1,235,64,1,58,360
"805",100,47913,7.19864537685984,26793,11609,94,1334,7161,2012,3,163,28,1,39,234
"806",100,47913,7.19864537685984,26793,11609,94,1334,7161,2013,0,64,24,0,15,103
"807",100,47913,7.19864537685984,26793,11609,94,1334,7161,2014,0,18,4,0,7,29
"808",100,47913,7.19864537685984,26793,11609,94,1334,7161,2015,0,11,3,0,3,17
"809",100,47913,7.19864537685984,26793,11609,94,1334,7161,2016,1,11,4,0,1,17
"810",100,47913,7.19864537685984,26793,11609,94,1334,7161,2017,0,24,6,0,6,36
"811",100,47913,7.19864537685984,26793,11609,94,1334,7161,2018,0,25,6,0,5,36
"812",101,67065,2.91790027094447,13666,33054,215,1284,16941,2005,0,14,4,0,0,18
"813",101,67065,2.91790027094447,13666,33054,215,1284,16941,2006,4,478,61,0,29,588
"814",101,67065,2.91790027094447,13666,33054,215,1284,16941,2007,2,483,55,0,20,565
"815",101,67065,2.91790027094447,13666,33054,215,1284,16941,2008,2,527,64,1,15,610
"816",101,67065,2.91790027094447,13666,33054,215,1284,16941,2009,1,716,59,0,7,794
"817",101,67065,2.91790027094447,13666,33054,215,1284,16941,2010,1,692,64,2,9,795
"818",101,67065,2.91790027094447,13666,33054,215,1284,16941,2011,7,460,51,3,4,532
"819",101,67065,2.91790027094447,13666,33054,215,1284,16941,2012,5,338,54,0,4,404
"820",101,67065,2.91790027094447,13666,33054,215,1284,16941,2013,3,182,38,1,6,234
"821",101,67065,2.91790027094447,13666,33054,215,1284,16941,2014,0,58,12,1,4,76
"822",101,67065,2.91790027094447,13666,33054,215,1284,16941,2015,0,26,3,0,1,30
"823",101,67065,2.91790027094447,13666,33054,215,1284,16941,2016,0,21,2,0,2,25
"824",101,67065,2.91790027094447,13666,33054,215,1284,16941,2017,0,13,3,0,0,16
"825",101,67065,2.91790027094447,13666,33054,215,1284,16941,2018,0,15,2,0,0,17
"826",102,144008,4.5835695449687,28493,12021,962,31448,58767,2005,0,0,0,0,0,0
"827",102,144008,4.5835695449687,28493,12021,962,31448,58767,2006,86,104,202,7,59,459
"828",102,144008,4.5835695449687,28493,12021,962,31448,58767,2007,97,114,259,5,72,549
"829",102,144008,4.5835695449687,28493,12021,962,31448,58767,2008,144,130,367,4,71,744
"830",102,144008,4.5835695449687,28493,12021,962,31448,58767,2009,191,159,425,5,100,930
"831",102,144008,4.5835695449687,28493,12021,962,31448,58767,2010,201,188,361,7,89,884
"832",102,144008,4.5835695449687,28493,12021,962,31448,58767,2011,145,140,333,6,80,738
"833",102,144008,4.5835695449687,28493,12021,962,31448,58767,2012,171,161,389,11,68,822
"834",102,144008,4.5835695449687,28493,12021,962,31448,58767,2013,75,58,149,4,33,323
"835",102,144008,4.5835695449687,28493,12021,962,31448,58767,2014,27,25,93,1,20,169
"836",102,144008,4.5835695449687,28493,12021,962,31448,58767,2015,14,12,32,0,5,63
"837",102,144008,4.5835695449687,28493,12021,962,31448,58767,2016,2,1,4,0,1,8
"838",102,144008,4.5835695449687,28493,12021,962,31448,58767,2017,0,4,4,0,2,10
"839",102,144008,4.5835695449687,28493,12021,962,31448,58767,2018,2,4,8,0,5,19
"840",103,105803,3.46984140849039,2765,45835,879,17705,29343,2005,0,2,3,0,0,5
"841",103,105803,3.46984140849039,2765,45835,879,17705,29343,2006,31,494,110,1,47,686
"842",103,105803,3.46984140849039,2765,45835,879,17705,29343,2007,43,408,82,12,29,577
"843",103,105803,3.46984140849039,2765,45835,879,17705,29343,2008,21,462,86,5,15,602
"844",103,105803,3.46984140849039,2765,45835,879,17705,29343,2009,28,549,209,8,11,820
"845",103,105803,3.46984140849039,2765,45835,879,17705,29343,2010,54,797,212,11,26,1129
"846",103,105803,3.46984140849039,2765,45835,879,17705,29343,2011,67,865,189,21,34,1198
"847",103,105803,3.46984140849039,2765,45835,879,17705,29343,2012,55,712,220,15,22,1043
"848",103,105803,3.46984140849039,2765,45835,879,17705,29343,2013,36,251,76,4,15,382
"849",103,105803,3.46984140849039,2765,45835,879,17705,29343,2014,0,25,8,2,0,35
"850",103,105803,3.46984140849039,2765,45835,879,17705,29343,2015,0,12,1,0,0,13
"851",103,105803,3.46984140849039,2765,45835,879,17705,29343,2016,1,18,4,0,0,23
"852",103,105803,3.46984140849039,2765,45835,879,17705,29343,2017,0,17,6,0,1,24
"853",103,105803,3.46984140849039,2765,45835,879,17705,29343,2018,1,12,8,0,1,22
"854",104,170190,7.23745337496307,93378,2368,222,13150,58947,2005,0,0,0,0,0,0
"855",104,170190,7.23745337496307,93378,2368,222,13150,58947,2006,7,36,117,1,66,230
"856",104,170190,7.23745337496307,93378,2368,222,13150,58947,2007,4,21,128,2,104,259
"857",104,170190,7.23745337496307,93378,2368,222,13150,58947,2008,1,21,130,0,78,237
"858",104,170190,7.23745337496307,93378,2368,222,13150,58947,2009,8,36,231,2,111,389
"859",104,170190,7.23745337496307,93378,2368,222,13150,58947,2010,1,38,195,1,95,332
"860",104,170190,7.23745337496307,93378,2368,222,13150,58947,2011,11,51,327,2,162,559
"861",104,170190,7.23745337496307,93378,2368,222,13150,58947,2012,7,33,236,1,160,440
"862",104,170190,7.23745337496307,93378,2368,222,13150,58947,2013,4,27,100,0,55,193
"863",104,170190,7.23745337496307,93378,2368,222,13150,58947,2014,0,23,67,0,32,122
"864",104,170190,7.23745337496307,93378,2368,222,13150,58947,2015,0,6,18,0,8,32
"865",104,170190,7.23745337496307,93378,2368,222,13150,58947,2016,0,0,2,0,1,3
"866",104,170190,7.23745337496307,93378,2368,222,13150,58947,2017,0,7,18,0,7,32
"867",104,170190,7.23745337496307,93378,2368,222,13150,58947,2018,0,2,2,1,0,5
"868",105,188582,11.9428607915491,24611,104029,670,27813,22337,2005,0,3,0,0,0,4
"869",105,188582,11.9428607915491,24611,104029,670,27813,22337,2006,7,201,23,2,10,259
"870",105,188582,11.9428607915491,24611,104029,670,27813,22337,2007,17,215,32,3,38,311
"871",105,188582,11.9428607915491,24611,104029,670,27813,22337,2008,24,343,46,2,36,474
"872",105,188582,11.9428607915491,24611,104029,670,27813,22337,2009,47,584,103,5,91,854
"873",105,188582,11.9428607915491,24611,104029,670,27813,22337,2010,35,664,76,5,50,842
"874",105,188582,11.9428607915491,24611,104029,670,27813,22337,2011,46,802,78,8,47,1011
"875",105,188582,11.9428607915491,24611,104029,670,27813,22337,2012,48,695,57,6,38,871
"876",105,188582,11.9428607915491,24611,104029,670,27813,22337,2013,25,230,24,0,18,306
"877",105,188582,11.9428607915491,24611,104029,670,27813,22337,2014,7,128,35,0,13,184
"878",105,188582,11.9428607915491,24611,104029,670,27813,22337,2015,1,90,8,2,5,106
"879",105,188582,11.9428607915491,24611,104029,670,27813,22337,2016,6,55,5,0,0,66
"880",105,188582,11.9428607915491,24611,104029,670,27813,22337,2017,1,28,3,0,3,35
"881",105,188582,11.9428607915491,24611,104029,670,27813,22337,2018,0,22,2,0,1,25
"882",106,122441,5.92700582277038,31739,20990,1156,22363,28309,2005,1,0,2,0,0,3
"883",106,122441,5.92700582277038,31739,20990,1156,22363,28309,2006,73,117,94,2,45,331
"884",106,122441,5.92700582277038,31739,20990,1156,22363,28309,2007,90,137,98,0,56,392
"885",106,122441,5.92700582277038,31739,20990,1156,22363,28309,2008,107,130,94,2,62,400
"886",106,122441,5.92700582277038,31739,20990,1156,22363,28309,2009,111,128,101,4,54,411
"887",106,122441,5.92700582277038,31739,20990,1156,22363,28309,2010,153,156,97,1,46,459
"888",106,122441,5.92700582277038,31739,20990,1156,22363,28309,2011,77,85,54,1,36,265
"889",106,122441,5.92700582277038,31739,20990,1156,22363,28309,2012,74,117,65,1,38,304
"890",106,122441,5.92700582277038,31739,20990,1156,22363,28309,2013,32,62,35,3,25,162
"891",106,122441,5.92700582277038,31739,20990,1156,22363,28309,2014,41,48,26,1,28,145
"892",106,122441,5.92700582277038,31739,20990,1156,22363,28309,2015,24,44,35,1,17,126
"893",106,122441,5.92700582277038,31739,20990,1156,22363,28309,2016,44,39,29,0,18,136
"894",106,122441,5.92700582277038,31739,20990,1156,22363,28309,2017,12,14,6,0,4,36
"895",106,122441,5.92700582277038,31739,20990,1156,22363,28309,2018,1,14,3,0,3,21
"896",107,151107,7.13423647491846,52871,19107,352,47130,25621,2005,1,2,2,0,0,5
"897",107,151107,7.13423647491846,52871,19107,352,47130,25621,2006,14,151,48,6,33,261
"898",107,151107,7.13423647491846,52871,19107,352,47130,25621,2007,14,123,73,9,38,262
"899",107,151107,7.13423647491846,52871,19107,352,47130,25621,2008,15,97,68,6,26,218
"900",107,151107,7.13423647491846,52871,19107,352,47130,25621,2009,16,127,64,9,28,246
"901",107,151107,7.13423647491846,52871,19107,352,47130,25621,2010,24,169,78,10,44,337
"902",107,151107,7.13423647491846,52871,19107,352,47130,25621,2011,42,176,84,6,42,365
"903",107,151107,7.13423647491846,52871,19107,352,47130,25621,2012,22,155,67,3,68,321
"904",107,151107,7.13423647491846,52871,19107,352,47130,25621,2013,31,76,35,4,20,169
"905",107,151107,7.13423647491846,52871,19107,352,47130,25621,2014,17,52,38,5,26,139
"906",107,151107,7.13423647491846,52871,19107,352,47130,25621,2015,10,18,6,0,7,41
"907",107,151107,7.13423647491846,52871,19107,352,47130,25621,2016,0,1,2,0,0,4
"908",107,151107,7.13423647491846,52871,19107,352,47130,25621,2017,0,3,5,0,1,10
"909",107,151107,7.13423647491846,52871,19107,352,47130,25621,2018,2,15,11,0,4,32
"910",108,113200,4.94982542618786,32470,2132,187,36275,39207,2005,0,0,0,0,0,0
"911",108,113200,4.94982542618786,32470,2132,187,36275,39207,2006,13,20,109,0,29,174
"912",108,113200,4.94982542618786,32470,2132,187,36275,39207,2007,36,59,208,0,52,357
"913",108,113200,4.94982542618786,32470,2132,187,36275,39207,2008,55,63,201,0,59,378
"914",108,113200,4.94982542618786,32470,2132,187,36275,39207,2009,41,49,210,0,73,376
"915",108,113200,4.94982542618786,32470,2132,187,36275,39207,2010,78,68,228,0,82,460
"916",108,113200,4.94982542618786,32470,2132,187,36275,39207,2011,54,52,234,0,78,420
"917",108,113200,4.94982542618786,32470,2132,187,36275,39207,2012,35,34,108,0,33,211
"918",108,113200,4.94982542618786,32470,2132,187,36275,39207,2013,5,6,15,0,10,36
"919",108,113200,4.94982542618786,32470,2132,187,36275,39207,2014,2,4,5,0,1,12
"920",108,113200,4.94982542618786,32470,2132,187,36275,39207,2015,0,0,3,0,1,5
"921",108,113200,4.94982542618786,32470,2132,187,36275,39207,2016,3,0,4,0,2,9
"922",108,113200,4.94982542618786,32470,2132,187,36275,39207,2017,0,6,11,0,4,22
"923",108,113200,4.94982542618786,32470,2132,187,36275,39207,2018,2,4,11,0,7,24
"924",109,247354,11.0842092574544,73668,5512,215,122094,41164,2005,0,1,0,0,0,1
"925",109,247354,11.0842092574544,73668,5512,215,122094,41164,2006,82,71,121,0,59,334
"926",109,247354,11.0842092574544,73668,5512,215,122094,41164,2007,111,49,134,2,73,387
"927",109,247354,11.0842092574544,73668,5512,215,122094,41164,2008,53,68,154,0,64,350
"928",109,247354,11.0842092574544,73668,5512,215,122094,41164,2009,88,69,177,0,48,385
"929",109,247354,11.0842092574544,73668,5512,215,122094,41164,2010,96,60,130,4,65,362
"930",109,247354,11.0842092574544,73668,5512,215,122094,41164,2011,245,159,324,5,108,848
"931",109,247354,11.0842092574544,73668,5512,215,122094,41164,2012,212,154,260,4,106,746
"932",109,247354,11.0842092574544,73668,5512,215,122094,41164,2013,84,92,104,0,59,344
"933",109,247354,11.0842092574544,73668,5512,215,122094,41164,2014,25,22,42,0,18,107
"934",109,247354,11.0842092574544,73668,5512,215,122094,41164,2015,6,7,22,0,11,46
"935",109,247354,11.0842092574544,73668,5512,215,122094,41164,2016,10,9,16,0,4,40
"936",109,247354,11.0842092574544,73668,5512,215,122094,41164,2017,2,6,8,0,2,19
"937",109,247354,11.0842092574544,73668,5512,215,122094,41164,2018,3,8,8,0,4,23
"938",110,172634,3.87143442373769,12352,9091,299,57292,90314,2005,1,0,9,0,0,10
"939",110,172634,3.87143442373769,12352,9091,299,57292,90314,2006,21,50,309,3,28,420
"940",110,172634,3.87143442373769,12352,9091,299,57292,90314,2007,18,58,326,2,16,430
"941",110,172634,3.87143442373769,12352,9091,299,57292,90314,2008,11,56,256,3,22,352
"942",110,172634,3.87143442373769,12352,9091,299,57292,90314,2009,13,42,474,1,22,556
"943",110,172634,3.87143442373769,12352,9091,299,57292,90314,2010,26,70,515,6,37,659
"944",110,172634,3.87143442373769,12352,9091,299,57292,90314,2011,35,68,541,1,29,677
"945",110,172634,3.87143442373769,12352,9091,299,57292,90314,2012,29,49,478,2,34,597
"946",110,172634,3.87143442373769,12352,9091,299,57292,90314,2013,24,30,298,0,14,367
"947",110,172634,3.87143442373769,12352,9091,299,57292,90314,2014,2,9,36,0,5,52
"948",110,172634,3.87143442373769,12352,9091,299,57292,90314,2015,2,10,52,0,3,67
"949",110,172634,3.87143442373769,12352,9091,299,57292,90314,2016,0,14,45,1,0,60
"950",110,172634,3.87143442373769,12352,9091,299,57292,90314,2017,4,13,47,0,3,68
"951",110,172634,3.87143442373769,12352,9091,299,57292,90314,2018,3,9,48,0,3,64
"952",111,116431,8.95113235289062,54690,2400,62,45777,11676,2006,17,37,52,0,53,163
"953",111,116431,8.95113235289062,54690,2400,62,45777,11676,2007,30,52,54,2,51,197
"954",111,116431,8.95113235289062,54690,2400,62,45777,11676,2008,61,61,55,1,67,253
"955",111,116431,8.95113235289062,54690,2400,62,45777,11676,2009,31,50,58,2,81,231
"956",111,116431,8.95113235289062,54690,2400,62,45777,11676,2010,42,53,71,5,99,281
"957",111,116431,8.95113235289062,54690,2400,62,45777,11676,2011,38,54,70,2,82,255
"958",111,116431,8.95113235289062,54690,2400,62,45777,11676,2012,27,22,48,2,78,180
"959",111,116431,8.95113235289062,54690,2400,62,45777,11676,2013,18,19,18,2,29,86
"960",111,116431,8.95113235289062,54690,2400,62,45777,11676,2014,6,6,13,0,12,37
"961",111,116431,8.95113235289062,54690,2400,62,45777,11676,2015,5,5,10,0,5,25
"962",111,116431,8.95113235289062,54690,2400,62,45777,11676,2016,7,9,9,0,8,33
"963",111,116431,8.95113235289062,54690,2400,62,45777,11676,2017,3,7,5,0,9,26
"964",111,116431,8.95113235289062,54690,2400,62,45777,11676,2018,4,8,5,0,10,27
"965",112,112277,3.05807704112071,62092,2797,104,29247,15146,2005,0,0,0,0,0,0
"966",112,112277,3.05807704112071,62092,2797,104,29247,15146,2006,9,31,52,0,71,170
"967",112,112277,3.05807704112071,62092,2797,104,29247,15146,2007,8,30,40,1,73,160
"968",112,112277,3.05807704112071,62092,2797,104,29247,15146,2008,15,28,50,0,82,182
"969",112,112277,3.05807704112071,62092,2797,104,29247,15146,2009,18,61,70,4,154,314
"970",112,112277,3.05807704112071,62092,2797,104,29247,15146,2010,16,52,85,2,123,291
"971",112,112277,3.05807704112071,62092,2797,104,29247,15146,2011,16,69,81,2,110,285
"972",112,112277,3.05807704112071,62092,2797,104,29247,15146,2012,10,47,62,2,93,224
"973",112,112277,3.05807704112071,62092,2797,104,29247,15146,2013,3,35,34,0,49,126
"974",112,112277,3.05807704112071,62092,2797,104,29247,15146,2014,0,11,19,0,11,42
"975",112,112277,3.05807704112071,62092,2797,104,29247,15146,2015,0,3,5,0,0,8
"976",112,112277,3.05807704112071,62092,2797,104,29247,15146,2016,0,5,2,0,4,11
"977",112,112277,3.05807704112071,62092,2797,104,29247,15146,2017,1,3,9,0,1,15
"978",112,112277,3.05807704112071,62092,2797,104,29247,15146,2018,1,15,13,0,6,35
"979",113,120132,13.4341816993026,1057,101721,511,2619,9783,2005,0,0,0,0,0,0
"980",113,120132,13.4341816993026,1057,101721,511,2619,9783,2006,1,243,6,0,6,256
"981",113,120132,13.4341816993026,1057,101721,511,2619,9783,2007,6,334,15,0,10,370
"982",113,120132,13.4341816993026,1057,101721,511,2619,9783,2008,7,489,17,3,6,528
"983",113,120132,13.4341816993026,1057,101721,511,2619,9783,2009,10,540,20,0,3,588
"984",113,120132,13.4341816993026,1057,101721,511,2619,9783,2010,16,554,25,1,8,619
"985",113,120132,13.4341816993026,1057,101721,511,2619,9783,2011,12,530,39,4,3,595
"986",113,120132,13.4341816993026,1057,101721,511,2619,9783,2012,13,525,33,1,2,578
"987",113,120132,13.4341816993026,1057,101721,511,2619,9783,2013,7,134,9,0,2,154
"988",113,120132,13.4341816993026,1057,101721,511,2619,9783,2014,0,52,3,1,1,57
"989",113,120132,13.4341816993026,1057,101721,511,2619,9783,2015,0,13,0,0,0,13
"990",113,120132,13.4341816993026,1057,101721,511,2619,9783,2016,1,15,2,0,0,18
"991",113,120132,13.4341816993026,1057,101721,511,2619,9783,2017,0,20,0,0,0,20
"992",113,120132,13.4341816993026,1057,101721,511,2619,9783,2018,1,15,0,0,1,17
"993",114,202766,6.03900340113437,91531,21019,354,29080,54441,2005,0,6,1,0,0,8
"994",114,202766,6.03900340113437,91531,21019,354,29080,54441,2006,31,422,333,6,182,1015
"995",114,202766,6.03900340113437,91531,21019,354,29080,54441,2007,43,383,398,15,234,1156
"996",114,202766,6.03900340113437,91531,21019,354,29080,54441,2008,42,303,317,10,145,870
"997",114,202766,6.03900340113437,91531,21019,354,29080,54441,2009,34,195,236,6,131,623
"998",114,202766,6.03900340113437,91531,21019,354,29080,54441,2010,31,262,238,1,106,670
"999",114,202766,6.03900340113437,91531,21019,354,29080,54441,2011,30,300,254,2,138,740
"1000",114,202766,6.03900340113437,91531,21019,354,29080,54441,2012,26,287,156,4,80,562
"1001",114,202766,6.03900340113437,91531,21019,354,29080,54441,2013,7,126,107,1,44,288
"1002",114,202766,6.03900340113437,91531,21019,354,29080,54441,2014,10,60,39,0,18,129
"1003",114,202766,6.03900340113437,91531,21019,354,29080,54441,2015,8,23,21,1,20,75
"1004",114,202766,6.03900340113437,91531,21019,354,29080,54441,2016,5,30,23,0,4,62
"1005",114,202766,6.03900340113437,91531,21019,354,29080,54441,2017,3,54,41,0,11,109
"1006",114,202766,6.03900340113437,91531,21019,354,29080,54441,2018,0,57,49,0,15,122
"1007",115,171576,3.89056016029543,20334,10683,243,27026,110108,2005,0,0,0,0,0,0
"1008",115,171576,3.89056016029543,20334,10683,243,27026,110108,2006,18,46,167,0,8,249
"1009",115,171576,3.89056016029543,20334,10683,243,27026,110108,2007,9,34,194,2,9,248
"1010",115,171576,3.89056016029543,20334,10683,243,27026,110108,2008,11,53,237,2,16,322
"1011",115,171576,3.89056016029543,20334,10683,243,27026,110108,2009,14,48,331,3,21,422
"1012",115,171576,3.89056016029543,20334,10683,243,27026,110108,2010,14,70,385,1,24,507
"1013",115,171576,3.89056016029543,20334,10683,243,27026,110108,2011,11,72,541,0,32,671
"1014",115,171576,3.89056016029543,20334,10683,243,27026,110108,2012,15,54,369,2,21,464
"1015",115,171576,3.89056016029543,20334,10683,243,27026,110108,2013,8,29,193,0,16,247
"1016",115,171576,3.89056016029543,20334,10683,243,27026,110108,2014,1,5,19,0,4,29
"1017",115,171576,3.89056016029543,20334,10683,243,27026,110108,2015,0,1,18,0,1,20
"1018",115,171576,3.89056016029543,20334,10683,243,27026,110108,2016,2,1,42,1,2,48
"1019",115,171576,3.89056016029543,20334,10683,243,27026,110108,2017,0,6,26,0,5,37
"1020",115,171576,3.89056016029543,20334,10683,243,27026,110108,2018,4,15,33,0,0,52
"1021",120,175876,13.110884597805,69615,38630,401,13167,50069,2005,0,0,0,0,0,0
"1022",120,175876,13.110884597805,69615,38630,401,13167,50069,2006,4,400,135,0,121,668
"1023",120,175876,13.110884597805,69615,38630,401,13167,50069,2007,3,352,147,0,121,631
"1024",120,175876,13.110884597805,69615,38630,401,13167,50069,2008,9,620,256,1,177,1066
"1025",120,175876,13.110884597805,69615,38630,401,13167,50069,2009,5,499,256,2,149,922
"1026",120,175876,13.110884597805,69615,38630,401,13167,50069,2010,5,605,295,1,173,1107
"1027",120,175876,13.110884597805,69615,38630,401,13167,50069,2011,12,667,324,1,238,1268
"1028",120,175876,13.110884597805,69615,38630,401,13167,50069,2012,14,468,228,1,129,854
"1029",120,175876,13.110884597805,69615,38630,401,13167,50069,2013,0,193,63,1,46,303
"1030",120,175876,13.110884597805,69615,38630,401,13167,50069,2014,0,73,17,1,6,97
"1031",120,175876,13.110884597805,69615,38630,401,13167,50069,2015,0,26,8,0,4,38
"1032",120,175876,13.110884597805,69615,38630,401,13167,50069,2016,0,18,8,0,9,36
"1033",120,175876,13.110884597805,69615,38630,401,13167,50069,2017,0,46,10,0,7,65
"1034",120,175876,13.110884597805,69615,38630,401,13167,50069,2018,0,26,12,0,4,42
"1035",122,194822,26.8770098627155,147259,4467,230,17121,23000,2005,0,0,0,0,0,0
"1036",122,194822,26.8770098627155,147259,4467,230,17121,23000,2006,2,81,38,3,152,281
"1037",122,194822,26.8770098627155,147259,4467,230,17121,23000,2007,2,49,35,0,147,249
"1038",122,194822,26.8770098627155,147259,4467,230,17121,23000,2008,1,47,41,1,151,248
"1039",122,194822,26.8770098627155,147259,4467,230,17121,23000,2009,4,34,27,0,91,159
"1040",122,194822,26.8770098627155,147259,4467,230,17121,23000,2010,2,49,35,3,93,188
"1041",122,194822,26.8770098627155,147259,4467,230,17121,23000,2011,4,61,62,1,202,343
"1042",122,194822,26.8770098627155,147259,4467,230,17121,23000,2012,2,42,33,0,147,232
"1043",122,194822,26.8770098627155,147259,4467,230,17121,23000,2013,2,16,15,0,57,94
"1044",122,194822,26.8770098627155,147259,4467,230,17121,23000,2014,0,5,5,0,17,28
"1045",122,194822,26.8770098627155,147259,4467,230,17121,23000,2015,0,8,8,0,8,24
"1046",122,194822,26.8770098627155,147259,4467,230,17121,23000,2016,0,25,14,0,17,57
"1047",122,194822,26.8770098627155,147259,4467,230,17121,23000,2017,1,36,7,0,20,65
"1048",122,194822,26.8770098627155,147259,4467,230,17121,23000,2018,0,11,3,0,19,34
"1049",123,98032,15.842833943997,83295,1216,64,4546,7982,2005,0,0,0,0,0,0
"1050",123,98032,15.842833943997,83295,1216,64,4546,7982,2006,1,10,4,0,65,80
"1051",123,98032,15.842833943997,83295,1216,64,4546,7982,2007,3,8,9,0,95,118
"1052",123,98032,15.842833943997,83295,1216,64,4546,7982,2008,1,12,16,0,120,150
"1053",123,98032,15.842833943997,83295,1216,64,4546,7982,2009,0,7,9,0,95,114
"1054",123,98032,15.842833943997,83295,1216,64,4546,7982,2010,1,7,11,0,94,118
"1055",123,98032,15.842833943997,83295,1216,64,4546,7982,2011,2,4,13,0,84,105
"1056",123,98032,15.842833943997,83295,1216,64,4546,7982,2012,3,7,15,0,66,91
"1057",123,98032,15.842833943997,83295,1216,64,4546,7982,2013,1,6,4,0,58,69
"1058",123,98032,15.842833943997,83295,1216,64,4546,7982,2014,2,7,6,0,53,70
"1059",123,98032,15.842833943997,83295,1216,64,4546,7982,2015,0,6,4,0,20,30
"1060",123,98032,15.842833943997,83295,1216,64,4546,7982,2016,0,3,3,0,25,32
"1061",123,98032,15.842833943997,83295,1216,64,4546,7982,2017,1,8,1,0,13,23
"1062",123,98032,15.842833943997,83295,1216,64,4546,7982,2018,0,2,0,0,2,4
